subgroup,modeldate,dem_estimate,dem_hi,dem_lo,rep_estimate,rep_hi,rep_lo,timestamp
Voters,4/16/2018,46.12019,50.54147,41.6989,40.09739,44.8616,35.33318,12:31:15 16 Apr 2018
Adults,4/16/2018,47.87387,55.47464,40.27309,37.74917,44.70588,30.79247,12:31:12 16 Apr 2018
All polls,4/16/2018,46.1135,50.52243,41.70457,40.12083,44.88342,35.35824,12:31:10 16 Apr 2018
All polls,4/15/2018,46.39654,50.89919,41.89388,39.49826,44.18409,34.81244,11:03:09 15 Apr 2018
Adults,4/15/2018,45.29347,50.02128,40.56567,35.44475,40.1583,30.7312,11:03:10 15 Apr 2018
Voters,4/15/2018,46.40414,50.92008,41.8882,39.46613,44.15416,34.77811,11:03:13 15 Apr 2018
Adults,4/14/2018,45.29347,50.02128,40.56567,35.44475,40.1583,30.7312,18:00:16 14 Apr 2018
Voters,4/14/2018,46.51476,51.10896,41.92057,39.64735,44.43031,34.86439,18:00:19 14 Apr 2018
All polls,4/14/2018,46.52359,51.1034,41.94379,39.7188,44.49863,34.93896,18:00:15 14 Apr 2018
Voters,4/13/2018,46.51476,51.10896,41.92057,39.64735,44.43031,34.86439,16:33:14 13 Apr 2018
Adults,4/13/2018,45.29347,50.02128,40.56567,35.44475,40.1583,30.7312,16:33:11 13 Apr 2018
All polls,4/13/2018,46.52359,51.1034,41.94379,39.7188,44.49863,34.93896,16:33:09 13 Apr 2018
All polls,4/12/2018,46.23767,50.86269,41.61266,39.61833,44.44776,34.7889,18:00:15 12 Apr 2018
Adults,4/12/2018,44.27271,48.89227,39.65314,35.06788,39.92847,30.2073,18:00:16 12 Apr 2018
Voters,4/12/2018,46.21944,50.85905,41.57983,39.55324,44.38597,34.7205,18:00:19 12 Apr 2018
Adults,4/11/2018,44.27271,48.89227,39.65314,35.06788,39.92847,30.2073,15:30:16 11 Apr 2018
Voters,4/11/2018,46.21944,50.85905,41.57983,39.55324,44.38597,34.7205,15:30:19 11 Apr 2018
All polls,4/11/2018,46.23767,50.86269,41.61266,39.61833,44.44776,34.7889,15:30:14 11 Apr 2018
Voters,4/10/2018,47.17918,52.18818,42.17019,38.45538,43.16734,33.74343,18:00:20 10 Apr 2018
Adults,4/10/2018,43.90132,48.56882,39.23381,35.21174,40.16739,30.2561,18:00:17 10 Apr 2018
All polls,4/10/2018,47.17682,52.16518,42.18845,38.57652,43.27987,33.87318,18:00:15 10 Apr 2018
Voters,4/9/2018,47.17918,52.18818,42.17019,38.45538,43.16734,33.74343,18:00:17  9 Apr 2018
Adults,4/9/2018,43.90132,48.56882,39.23381,35.21174,40.16739,30.2561,18:00:14  9 Apr 2018
All polls,4/9/2018,47.17682,52.16518,42.18845,38.57652,43.27987,33.87318,18:00:13  9 Apr 2018
Adults,4/8/2018,43.90132,48.56882,39.23381,35.21174,40.16739,30.2561,18:00:21  8 Apr 2018
Voters,4/8/2018,47.17918,52.18818,42.17019,38.45538,43.16734,33.74343,18:00:27  8 Apr 2018
All polls,4/8/2018,47.17682,52.16518,42.18845,38.57652,43.27987,33.87318,18:00:18  8 Apr 2018
Voters,4/7/2018,47.17918,52.18818,42.17019,38.45538,43.16734,33.74343,18:00:18  7 Apr 2018
Adults,4/7/2018,43.90132,48.56882,39.23381,35.21174,40.16739,30.2561,18:00:15  7 Apr 2018
All polls,4/7/2018,47.17682,52.16518,42.18845,38.57652,43.27987,33.87318,18:00:14  7 Apr 2018
Adults,4/6/2018,43.90132,48.56882,39.23381,35.21174,40.16739,30.2561,15:48:12  6 Apr 2018
Voters,4/6/2018,47.17918,52.18818,42.17019,38.45538,43.16734,33.74343,15:48:14  6 Apr 2018
All polls,4/6/2018,47.17682,52.16518,42.18845,38.57652,43.27987,33.87318,15:48:10  6 Apr 2018
Voters,4/5/2018,47.05983,52.09584,42.02382,38.95096,43.50337,34.39854,18:00:18  5 Apr 2018
Adults,4/5/2018,43.99685,48.76875,39.22494,36.51341,41.31896,31.70786,18:00:15  5 Apr 2018
All polls,4/5/2018,47.06244,52.07725,42.04762,39.06174,43.60627,34.51722,18:00:13  5 Apr 2018
Adults,4/4/2018,43.99685,48.76875,39.22494,36.51341,41.31896,31.70786,13:38:11  4 Apr 2018
Voters,4/4/2018,47.05983,52.09584,42.02382,38.95096,43.50337,34.39854,13:38:14  4 Apr 2018
All polls,4/4/2018,47.06244,52.07725,42.04762,39.06174,43.60627,34.51722,13:38:10  4 Apr 2018
Adults,4/3/2018,43.99685,48.76875,39.22494,36.51341,41.31896,31.70786,17:31:11  3 Apr 2018
Voters,4/3/2018,46.98135,52.01908,41.94362,39.06481,43.64683,34.4828,17:31:14  3 Apr 2018
All polls,4/3/2018,46.98731,52.00236,41.97227,39.17117,43.74352,34.59883,17:31:10  3 Apr 2018
Voters,4/2/2018,46.68023,51.75742,41.60304,39.43522,43.91092,34.95953,19:50:17  2 Apr 2018
Adults,4/2/2018,43.51853,48.515,38.52206,37.66973,42.9274,32.41206,19:50:15  2 Apr 2018
All polls,4/2/2018,46.69486,51.7452,41.64451,39.52832,43.99332,35.06332,19:50:13  2 Apr 2018
Adults,4/1/2018,43.51853,48.515,38.52206,37.66973,42.9274,32.41206,18:00:14  1 Apr 2018
Voters,4/1/2018,46.63044,51.77874,41.48214,40.1552,44.54712,35.76328,18:00:17  1 Apr 2018
All polls,4/1/2018,46.65044,51.76957,41.5313,40.24064,44.62181,35.85947,18:00:13  1 Apr 2018
Adults,3/31/2018,43.51853,48.515,38.52206,37.66973,42.9274,32.41206,18:00:16 31 Mar 2018
Voters,3/31/2018,46.63044,51.77874,41.48214,40.1552,44.54712,35.76328,18:00:19 31 Mar 2018
All polls,3/31/2018,46.65044,51.76957,41.5313,40.24064,44.62181,35.85947,18:00:15 31 Mar 2018
Voters,3/30/2018,46.63044,51.77874,41.48214,40.1552,44.54712,35.76328,13:49:14 30 Mar 2018
Adults,3/30/2018,43.51853,48.515,38.52206,37.66973,42.9274,32.41206,13:49:11 30 Mar 2018
All polls,3/30/2018,46.65044,51.76957,41.5313,40.24064,44.62181,35.85947,13:49:10 30 Mar 2018
Voters,3/29/2018,46.40892,51.61869,41.19914,39.60077,44.11258,35.08896,09:17:15 29 Mar 2018
Adults,3/29/2018,42.81313,47.89247,37.7338,35.48725,40.60847,30.36603,09:17:12 29 Mar 2018
All polls,3/29/2018,46.43214,51.61189,41.2524,39.69197,44.1911,35.19283,09:17:11 29 Mar 2018
Adults,3/28/2018,42.81313,47.89247,37.7338,35.48725,40.60847,30.36603,11:56:11 28 Mar 2018
Voters,3/28/2018,46.3028,51.47417,41.13143,39.12649,43.44955,34.80342,11:56:14 28 Mar 2018
All polls,3/28/2018,46.33187,51.47103,41.19271,39.22669,43.53702,34.91637,11:56:10 28 Mar 2018
Voters,3/27/2018,46.33796,51.46814,41.20778,39.59048,43.88398,35.29699,21:44:14 27 Mar 2018
Adults,3/27/2018,42.81313,47.89247,37.7338,35.48725,40.60847,30.36603,21:44:11 27 Mar 2018
All polls,3/27/2018,46.36264,51.45802,41.26727,39.67163,43.95105,35.39221,21:44:10 27 Mar 2018
All polls,3/26/2018,45.96582,50.90679,41.02485,40.32611,44.56606,36.08617,18:00:15 26 Mar 2018
Adults,3/26/2018,42.84486,48.09967,37.59006,35.25599,40.6145,29.89747,18:00:16 26 Mar 2018
Voters,3/26/2018,45.94245,50.92178,40.96312,40.26101,44.51697,36.00505,18:00:19 26 Mar 2018
Voters,3/25/2018,45.94245,50.92178,40.96312,40.26101,44.51697,36.00505,14:25:14 25 Mar 2018
Adults,3/25/2018,42.84486,48.09967,37.59006,35.25599,40.6145,29.89747,14:25:11 25 Mar 2018
All polls,3/25/2018,45.96582,50.90679,41.02485,40.32611,44.56606,36.08617,14:25:10 25 Mar 2018
Adults,3/24/2018,42.68541,48.29327,37.07755,36.91462,42.2861,31.54315,18:00:15 24 Mar 2018
Voters,3/24/2018,46.14967,51.27565,41.02369,40.64399,44.76989,36.51808,18:00:18 24 Mar 2018
All polls,3/24/2018,46.18003,51.26189,41.09817,40.69614,44.80613,36.58615,18:00:14 24 Mar 2018
Adults,3/23/2018,42.68541,48.29327,37.07755,36.91462,42.2861,31.54315,12:53:11 23 Mar 2018
Voters,3/23/2018,46.14967,51.27565,41.02369,40.64399,44.76989,36.51808,12:53:14 23 Mar 2018
All polls,3/23/2018,46.18003,51.26189,41.09817,40.69614,44.80613,36.58615,12:53:10 23 Mar 2018
Voters,3/22/2018,47.27796,52.54081,42.01512,41.09716,45.35023,36.84408,18:00:18 22 Mar 2018
Adults,3/22/2018,42.68541,48.29327,37.07755,36.91462,42.2861,31.54315,18:00:15 22 Mar 2018
All polls,3/22/2018,47.29145,52.50372,42.07919,41.11187,45.34308,36.88066,18:00:14 22 Mar 2018
Adults,3/21/2018,42.68541,48.29327,37.07755,36.91462,42.2861,31.54315,15:08:10 21 Mar 2018
Voters,3/21/2018,47.27796,52.54081,42.01512,41.09716,45.35023,36.84408,15:08:13 21 Mar 2018
All polls,3/21/2018,47.29145,52.50372,42.07919,41.11187,45.34308,36.88066,15:08:09 21 Mar 2018
Adults,3/20/2018,42.68541,48.29327,37.07755,36.91462,42.2861,31.54315,16:44:12 20 Mar 2018
Voters,3/20/2018,47.73118,53.16765,42.2947,39.77099,43.72965,35.81233,16:44:14 20 Mar 2018
All polls,3/20/2018,47.70512,53.07434,42.3359,39.76773,43.70419,35.83126,16:44:10 20 Mar 2018
Voters,3/19/2018,48.52928,53.83435,43.22421,39.13672,43.17956,35.09389,18:00:20 19 Mar 2018
Adults,3/19/2018,43.91052,49.58617,38.23487,36.38179,42.00848,30.7551,18:00:17 19 Mar 2018
All polls,3/19/2018,48.47146,53.70952,43.2334,39.13864,43.15397,35.12331,18:00:16 19 Mar 2018
Voters,3/18/2018,48.52928,53.83435,43.22421,39.13672,43.17956,35.09389,11:49:12 18 Mar 2018
Adults,3/18/2018,43.91052,49.58617,38.23487,36.38179,42.00848,30.7551,11:49:10 18 Mar 2018
All polls,3/18/2018,48.47146,53.70952,43.2334,39.13864,43.15397,35.12331,11:49:08 18 Mar 2018
Adults,3/17/2018,43.91052,49.58617,38.23487,36.38179,42.00848,30.7551,18:00:14 17 Mar 2018
Voters,3/17/2018,48.05534,53.33086,42.77982,39.24253,43.32614,35.15892,18:00:17 17 Mar 2018
All polls,3/17/2018,48.00811,53.20744,42.80878,39.28114,43.33447,35.22781,18:00:13 17 Mar 2018
Voters,3/16/2018,48.05534,53.33086,42.77982,39.24253,43.32614,35.15892,15:16:13 16 Mar 2018
Adults,3/16/2018,43.91052,49.58617,38.23487,36.38179,42.00848,30.7551,15:16:11 16 Mar 2018
All polls,3/16/2018,48.00811,53.20744,42.80878,39.28114,43.33447,35.22781,15:16:09 16 Mar 2018
Adults,3/15/2018,43.09925,48.99407,37.20443,36.68966,42.40466,30.97465,18:00:17 15 Mar 2018
Voters,3/15/2018,47.78513,53.11493,42.45534,39.26789,43.34658,35.18919,18:00:20 15 Mar 2018
All polls,3/15/2018,47.741,52.99044,42.49157,39.29823,43.34483,35.25164,18:00:16 15 Mar 2018
Adults,3/14/2018,43.09925,48.99407,37.20443,36.68966,42.40466,30.97465,10:17:11 14 Mar 2018
Voters,3/14/2018,47.78513,53.11493,42.45534,39.26789,43.34658,35.18919,10:17:13 14 Mar 2018
All polls,3/14/2018,47.741,52.99044,42.49157,39.29823,43.34483,35.25164,10:17:09 14 Mar 2018
Voters,3/13/2018,47.65078,53.04579,42.25578,39.13798,43.26144,35.01451,15:52:14 13 Mar 2018
Adults,3/13/2018,43.09925,48.99407,37.20443,36.68966,42.40466,30.97465,15:52:12 13 Mar 2018
All polls,3/13/2018,47.59415,52.90178,42.28653,39.15777,43.24451,35.07103,15:52:10 13 Mar 2018
Voters,3/12/2018,47.22894,52.67988,41.778,39.48845,43.51272,35.46417,18:00:19 12 Mar 2018
Adults,3/12/2018,43.23603,49.20794,37.26413,37.52194,43.2176,31.82629,18:00:17 12 Mar 2018
All polls,3/12/2018,47.17631,52.52515,41.82747,39.49635,43.48482,35.50788,18:00:15 12 Mar 2018
Adults,3/11/2018,43.23603,49.20794,37.26413,37.52194,43.2176,31.82629,18:00:15 11 Mar 2018
Voters,3/11/2018,47.22894,52.67988,41.778,39.48845,43.51272,35.46417,18:00:18 11 Mar 2018
All polls,3/11/2018,47.17631,52.52515,41.82747,39.49635,43.48482,35.50788,18:00:14 11 Mar 2018
Voters,3/10/2018,47.22894,52.67988,41.778,39.48845,43.51272,35.46417,18:00:17 10 Mar 2018
Adults,3/10/2018,43.23603,49.20794,37.26413,37.52194,43.2176,31.82629,18:00:15 10 Mar 2018
All polls,3/10/2018,47.17631,52.52515,41.82747,39.49635,43.48482,35.50788,18:00:13 10 Mar 2018
Voters,3/9/2018,47.22894,52.67988,41.778,39.48845,43.51272,35.46417,16:26:13  9 Mar 2018
Adults,3/9/2018,43.23603,49.20794,37.26413,37.52194,43.2176,31.82629,16:26:10  9 Mar 2018
All polls,3/9/2018,47.17631,52.52515,41.82747,39.49635,43.48482,35.50788,16:26:09  9 Mar 2018
Adults,3/8/2018,44.64396,50.65931,38.6286,35.68745,41.87259,29.50231,18:00:14  8 Mar 2018
Voters,3/8/2018,47.68395,53.10148,42.26643,38.78053,42.96266,34.59839,18:00:17  8 Mar 2018
All polls,3/8/2018,47.69431,53.05424,42.33439,38.82832,43.00456,34.65208,18:00:13  8 Mar 2018
Voters,3/7/2018,47.68395,53.10148,42.26643,38.78053,42.96266,34.59839,15:14:12  7 Mar 2018
Adults,3/7/2018,44.64396,50.65931,38.6286,35.68745,41.87259,29.50231,15:14:09  7 Mar 2018
All polls,3/7/2018,47.69431,53.05424,42.33439,38.82832,43.00456,34.65208,15:14:08  7 Mar 2018
Voters,3/6/2018,47.25111,52.96436,41.53785,37.79477,42.1032,33.48634,16:02:13  6 Mar 2018
Adults,3/6/2018,44.64396,50.65931,38.6286,35.68745,41.87259,29.50231,16:02:10  6 Mar 2018
All polls,3/6/2018,47.26222,52.89536,41.62908,37.8812,42.189,33.57339,16:02:09  6 Mar 2018
Adults,3/5/2018,43.0963,49.51994,36.67265,35.52577,42.00288,29.04865,15:59:10  5 Mar 2018
Voters,3/5/2018,46.54937,52.33602,40.76271,37.72894,41.99479,33.46308,15:59:12  5 Mar 2018
All polls,3/5/2018,46.58916,52.29126,40.88707,37.81501,42.07445,33.55556,15:59:08  5 Mar 2018
Voters,3/4/2018,46.74304,52.57735,40.90873,37.78949,42.11908,33.45989,18:00:15  4 Mar 2018
Adults,3/4/2018,43.0963,49.51994,36.67265,35.52577,42.00288,29.04865,18:00:12  4 Mar 2018
All polls,3/4/2018,46.78322,52.52758,41.03886,37.87831,42.19749,33.55914,18:00:11  4 Mar 2018
All polls,3/3/2018,46.78322,52.52758,41.03886,37.87831,42.19749,33.55914,18:00:12  3 Mar 2018
Adults,3/3/2018,43.0963,49.51994,36.67265,35.52577,42.00288,29.04865,18:00:13  3 Mar 2018
Voters,3/3/2018,46.74304,52.57735,40.90873,37.78949,42.11908,33.45989,18:00:16  3 Mar 2018
Voters,3/2/2018,46.74304,52.57735,40.90873,37.78949,42.11908,33.45989,19:07:13  2 Mar 2018
Adults,3/2/2018,43.0963,49.51994,36.67265,35.52577,42.00288,29.04865,19:07:10  2 Mar 2018
All polls,3/2/2018,46.78322,52.52758,41.03886,37.87831,42.19749,33.55914,19:07:09  2 Mar 2018
Adults,3/1/2018,42.18364,48.89207,35.4752,37.24178,43.45424,31.02933,12:31:09  1 Mar 2018
Voters,3/1/2018,46.39804,52.31796,40.47812,38.27499,42.42875,34.12122,12:31:12  1 Mar 2018
All polls,3/1/2018,46.44548,52.27235,40.6186,38.35122,42.49431,34.20813,12:31:08  1 Mar 2018
Adults,2/28/2018,42.18364,48.89207,35.4752,37.24178,43.45424,31.02933,10:52:10 28 Feb 2018
Voters,2/28/2018,46.35858,52.41297,40.30419,39.0237,42.88332,35.16409,10:52:13 28 Feb 2018
All polls,2/28/2018,46.40944,52.36154,40.45733,39.09735,42.94465,35.25006,10:52:09 28 Feb 2018
Voters,2/27/2018,46.71354,52.71508,40.71199,38.49334,42.42281,34.56387,16:09:12 27 Feb 2018
Adults,2/27/2018,42.18364,48.89207,35.4752,37.24178,43.45424,31.02933,16:09:10 27 Feb 2018
All polls,2/27/2018,46.75677,52.652,40.86155,38.57857,42.49162,34.66553,16:09:09 27 Feb 2018
Adults,2/26/2018,43.45072,50.32001,36.58144,36.74122,43.38638,30.09606,16:21:10 26 Feb 2018
Voters,2/26/2018,47.47556,53.3648,41.58632,37.91696,41.90369,33.93023,16:21:12 26 Feb 2018
All polls,2/26/2018,47.50714,53.28502,41.72926,38.00595,41.96487,34.04703,16:21:09 26 Feb 2018
Adults,2/25/2018,43.45072,50.32001,36.58144,36.74122,43.38638,30.09606,18:00:13 25 Feb 2018
Voters,2/25/2018,46.99297,52.57886,41.40709,38.71606,42.88747,34.54464,18:00:15 25 Feb 2018
All polls,2/25/2018,47.03559,52.50665,41.56453,38.80148,42.92707,34.6759,18:00:11 25 Feb 2018
Voters,2/24/2018,46.99297,52.57886,41.40709,38.71606,42.88747,34.54464,18:00:17 24 Feb 2018
Adults,2/24/2018,43.45072,50.32001,36.58144,36.74122,43.38638,30.09606,18:00:15 24 Feb 2018
All polls,2/24/2018,47.03559,52.50665,41.56453,38.80148,42.92707,34.6759,18:00:14 24 Feb 2018
Voters,2/23/2018,46.99297,52.57886,41.40709,38.71606,42.88747,34.54464,11:27:13 23 Feb 2018
Adults,2/23/2018,43.45072,50.32001,36.58144,36.74122,43.38638,30.09606,11:27:11 23 Feb 2018
All polls,2/23/2018,47.03559,52.50665,41.56453,38.80148,42.92707,34.6759,11:27:09 23 Feb 2018
Adults,2/22/2018,43.45072,50.32001,36.58144,36.74122,43.38638,30.09606,08:14:09 22 Feb 2018
Voters,2/22/2018,47.48381,53.22227,41.74535,38.59378,42.85757,34.33,08:14:12 22 Feb 2018
All polls,2/22/2018,47.49622,53.10364,41.8888,38.71984,42.92828,34.51141,08:14:08 22 Feb 2018
Voters,2/21/2018,47.22224,52.99627,41.44822,38.81338,43.03325,34.59351,16:49:12 21 Feb 2018
Adults,2/21/2018,43.45072,50.32001,36.58144,36.74122,43.38638,30.09606,16:49:10 21 Feb 2018
All polls,2/21/2018,47.23425,52.86832,41.60019,38.93584,43.0932,34.77847,16:49:08 21 Feb 2018
Adults,2/20/2018,43.45072,50.32001,36.58144,36.74122,43.38638,30.09606,15:33:09 20 Feb 2018
Voters,2/20/2018,48.21008,53.96324,42.45692,39.57229,43.81274,35.33184,15:33:11 20 Feb 2018
All polls,2/20/2018,48.16857,53.77282,42.56432,39.66982,43.83553,35.50411,15:33:08 20 Feb 2018
Adults,2/19/2018,43.83087,50.67214,36.9896,37.64495,44.15026,31.13965,18:00:14 19 Feb 2018
Voters,2/19/2018,46.94528,52.27553,41.61502,40.38898,44.69345,36.08452,18:00:16 19 Feb 2018
All polls,2/19/2018,46.91566,52.10251,41.72882,40.45242,44.66106,36.24378,18:00:13 19 Feb 2018
Voters,2/18/2018,46.94528,52.27553,41.61502,40.38898,44.69345,36.08452,18:00:15 18 Feb 2018
Adults,2/18/2018,43.83087,50.67214,36.9896,37.64495,44.15026,31.13965,18:00:13 18 Feb 2018
All polls,2/18/2018,46.91566,52.10251,41.72882,40.45242,44.66106,36.24378,18:00:12 18 Feb 2018
Voters,2/17/2018,46.94528,52.27553,41.61502,40.38898,44.69345,36.08452,18:00:14 17 Feb 2018
Adults,2/17/2018,43.83087,50.67214,36.9896,37.64495,44.15026,31.13965,18:00:12 17 Feb 2018
All polls,2/17/2018,46.91566,52.10251,41.72882,40.45242,44.66106,36.24378,18:00:11 17 Feb 2018
Adults,2/16/2018,43.83087,50.67214,36.9896,37.64495,44.15026,31.13965,15:23:10 16 Feb 2018
Voters,2/16/2018,46.94528,52.27553,41.61502,40.38898,44.69345,36.08452,15:23:12 16 Feb 2018
All polls,2/16/2018,46.91566,52.10251,41.72882,40.45242,44.66106,36.24378,15:23:08 16 Feb 2018
Voters,2/15/2018,46.94408,52.27291,41.61525,40.30172,44.62786,35.97557,18:00:18 15 Feb 2018
Adults,2/15/2018,44.05613,50.91578,37.19649,37.21821,43.84671,30.5897,18:00:15 15 Feb 2018
All polls,2/15/2018,46.90895,52.09037,41.72753,40.36212,44.5877,36.13654,18:00:14 15 Feb 2018
Voters,2/14/2018,46.94408,52.27291,41.61525,40.30172,44.62786,35.97557,15:01:11 14 Feb 2018
Adults,2/14/2018,44.05613,50.91578,37.19649,37.21821,43.84671,30.5897,15:01:09 14 Feb 2018
All polls,2/14/2018,46.90895,52.09037,41.72753,40.36212,44.5877,36.13654,15:01:08 14 Feb 2018
Adults,2/13/2018,44.05613,50.91578,37.19649,37.21821,43.84671,30.5897,15:08:10 13 Feb 2018
Voters,2/13/2018,47.22633,52.46513,41.98754,40.0073,44.44188,35.57272,15:08:12 13 Feb 2018
All polls,2/13/2018,47.13035,52.20396,42.05675,40.07055,44.3924,35.74869,15:08:08 13 Feb 2018
Voters,2/12/2018,47.2069,52.60857,41.80522,40.1074,44.39953,35.81527,18:00:15 12 Feb 2018
Adults,2/12/2018,43.3955,50.43267,36.35832,37.97034,44.50384,31.43684,18:00:13 12 Feb 2018
All polls,2/12/2018,47.08486,52.30435,41.86538,40.17839,44.36607,35.99072,18:00:12 12 Feb 2018
Voters,2/11/2018,47.2069,52.60857,41.80522,40.1074,44.39953,35.81527,18:00:14 11 Feb 2018
Adults,2/11/2018,43.3955,50.43267,36.35832,37.97034,44.50384,31.43684,18:00:12 11 Feb 2018
All polls,2/11/2018,47.08486,52.30435,41.86538,40.17839,44.36607,35.99072,18:00:11 11 Feb 2018
Adults,2/10/2018,43.3955,50.43267,36.35832,37.97034,44.50384,31.43684,18:00:12 10 Feb 2018
Voters,2/10/2018,47.2069,52.60857,41.80522,40.1074,44.39953,35.81527,18:00:14 10 Feb 2018
All polls,2/10/2018,47.08486,52.30435,41.86538,40.17839,44.36607,35.99072,18:00:11 10 Feb 2018
Voters,2/9/2018,47.2069,52.60857,41.80522,40.1074,44.39953,35.81527,17:09:12  9 Feb 2018
Adults,2/9/2018,43.3955,50.43267,36.35832,37.97034,44.50384,31.43684,17:09:10  9 Feb 2018
All polls,2/9/2018,47.08486,52.30435,41.86538,40.17839,44.36607,35.99072,17:09:08  9 Feb 2018
Voters,2/8/2018,46.86537,52.25746,41.47328,40.18418,44.69323,35.67513,18:00:16  8 Feb 2018
Adults,2/8/2018,44.00521,51.02816,36.98227,37.54309,44.26688,30.81929,18:00:14  8 Feb 2018
All polls,2/8/2018,46.7079,51.90294,41.51287,40.2379,44.61374,35.86205,18:00:13  8 Feb 2018
Voters,2/7/2018,46.86537,52.25746,41.47328,40.18418,44.69323,35.67513,12:26:12  7 Feb 2018
Adults,2/7/2018,44.00521,51.02816,36.98227,37.54309,44.26688,30.81929,12:26:10  7 Feb 2018
All polls,2/7/2018,46.7079,51.90294,41.51287,40.2379,44.61374,35.86205,12:26:08  7 Feb 2018
Adults,2/6/2018,44.00521,51.02816,36.98227,37.54309,44.26688,30.81929,14:12:09  6 Feb 2018
Voters,2/6/2018,46.47311,51.98286,40.96337,40.31902,44.99344,35.6446,14:12:11  6 Feb 2018
All polls,2/6/2018,46.26094,51.54288,40.979,40.35575,44.86872,35.84278,14:12:08  6 Feb 2018
Adults,2/5/2018,42.77176,50.41183,35.13168,37.66586,44.23511,31.09661,18:00:13  5 Feb 2018
Voters,2/5/2018,45.98898,51.59904,40.37891,40.71843,45.33648,36.10038,18:00:16  5 Feb 2018
All polls,2/5/2018,45.74623,51.25236,40.2401,40.64555,45.15612,36.13497,18:00:12  5 Feb 2018
Voters,2/4/2018,45.98898,51.59904,40.37891,40.71843,45.33648,36.10038,18:00:16  4 Feb 2018
Adults,2/4/2018,42.77176,50.41183,35.13168,37.66586,44.23511,31.09661,18:00:13  4 Feb 2018
All polls,2/4/2018,45.74623,51.25236,40.2401,40.64555,45.15612,36.13497,18:00:12  4 Feb 2018
Adults,2/3/2018,42.77176,50.41183,35.13168,37.66586,44.23511,31.09661,18:00:12  3 Feb 2018
Voters,2/3/2018,45.98898,51.59904,40.37891,40.71843,45.33648,36.10038,18:00:14  3 Feb 2018
All polls,2/3/2018,45.74623,51.25236,40.2401,40.64555,45.15612,36.13497,18:00:11  3 Feb 2018
Adults,2/2/2018,42.77176,50.41183,35.13168,37.66586,44.23511,31.09661,14:36:09  2 Feb 2018
Voters,2/2/2018,45.98898,51.59904,40.37891,40.71843,45.33648,36.10038,14:36:11  2 Feb 2018
All polls,2/2/2018,45.74623,51.25236,40.2401,40.64555,45.15612,36.13497,14:36:08  2 Feb 2018
Voters,2/1/2018,46.386,51.87926,40.89274,40.72608,45.35868,36.09348,20:23:10  1 Feb 2018
Adults,2/1/2018,43.92846,51.38314,36.47377,37.31632,44.08641,30.54623,20:23:08  1 Feb 2018
All polls,2/1/2018,46.09754,51.49788,40.6972,40.6559,45.19383,36.11796,20:23:07  1 Feb 2018
Voters,1/31/2018,46.386,51.87926,40.89274,40.72608,45.35868,36.09348,13:55:12 31 Jan 2018
Adults,1/31/2018,43.42409,51.26812,35.58006,35.95891,42.6526,29.26522,13:55:10 31 Jan 2018
All polls,1/31/2018,46.40571,51.90009,40.91134,40.74902,45.35525,36.14278,13:55:09 31 Jan 2018
Adults,1/30/2018,43.42409,51.26812,35.58006,35.95891,42.6526,29.26522,16:47:08 30 Jan 2018
Voters,1/30/2018,46.27544,51.90449,40.6464,38.62226,42.85074,34.39379,16:47:10 30 Jan 2018
All polls,1/30/2018,46.29023,51.91503,40.66544,38.69234,42.90524,34.47944,16:47:07 30 Jan 2018
Voters,1/29/2018,46.0441,51.69147,40.39673,38.49602,42.71079,34.28125,11:55:12 29 Jan 2018
Adults,1/29/2018,43.80017,51.69339,35.90694,36.14373,42.90565,29.38181,11:55:10 29 Jan 2018
All polls,1/29/2018,46.05199,51.6921,40.41187,38.55753,42.75541,34.35966,11:55:09 29 Jan 2018
Adults,1/28/2018,43.80017,51.69339,35.90694,36.14373,42.90565,29.38181,18:00:12 28 Jan 2018
Voters,1/28/2018,46.43812,52.15664,40.7196,39.03729,43.30228,34.77231,18:00:14 28 Jan 2018
All polls,1/28/2018,46.44035,52.14711,40.7336,39.09499,43.34032,34.84965,18:00:11 28 Jan 2018
Adults,1/27/2018,43.80017,51.69339,35.90694,36.14373,42.90565,29.38181,18:00:13 27 Jan 2018
Voters,1/27/2018,46.43812,52.15664,40.7196,39.03729,43.30228,34.77231,18:00:15 27 Jan 2018
All polls,1/27/2018,46.44035,52.14711,40.7336,39.09499,43.34032,34.84965,18:00:12 27 Jan 2018
Voters,1/26/2018,46.43812,52.15664,40.7196,39.03729,43.30228,34.77231,16:59:11 26 Jan 2018
Adults,1/26/2018,43.80017,51.69339,35.90694,36.14373,42.90565,29.38181,16:59:09 26 Jan 2018
All polls,1/26/2018,46.44035,52.14711,40.7336,39.09499,43.34032,34.84965,16:59:08 26 Jan 2018
Voters,1/25/2018,46.44051,52.15756,40.72345,39.03081,43.26255,34.79907,18:00:16 25 Jan 2018
Adults,1/25/2018,43.62429,51.72088,35.52769,36.16865,43.06808,29.26921,18:00:14 25 Jan 2018
All polls,1/25/2018,46.43906,52.14037,40.73774,39.07723,43.28972,34.86475,18:00:13 25 Jan 2018
Adults,1/24/2018,43.62429,51.72088,35.52769,36.16865,43.06808,29.26921,18:19:08 24 Jan 2018
Voters,1/24/2018,46.44051,52.15756,40.72345,39.03081,43.26255,34.79907,18:19:10 24 Jan 2018
All polls,1/24/2018,46.43906,52.14037,40.73774,39.07723,43.28972,34.86475,18:19:07 24 Jan 2018
Voters,1/23/2018,47.22767,52.90434,41.55099,39.59339,44.06234,35.12445,15:23:11 23 Jan 2018
Adults,1/23/2018,43.62429,51.72088,35.52769,36.16865,43.06808,29.26921,15:23:09 23 Jan 2018
All polls,1/23/2018,47.21147,52.8697,41.55324,39.63353,44.07355,35.19352,15:23:08 23 Jan 2018
Voters,1/22/2018,47.65072,53.24416,42.05728,39.79731,44.26252,35.3321,18:15:11 22 Jan 2018
Adults,1/22/2018,45.14057,53.26879,37.01235,37.48345,44.48483,30.48207,18:15:09 22 Jan 2018
All polls,1/22/2018,47.61743,53.18507,42.04979,39.81195,44.243,35.38091,18:15:08 22 Jan 2018
Adults,1/21/2018,44.76826,52.71792,36.8186,37.13543,44.02528,30.24558,12:59:08 21 Jan 2018
Voters,1/21/2018,47.19965,52.79185,41.60744,40.45856,45.03122,35.88589,12:59:10 21 Jan 2018
All polls,1/21/2018,47.18275,52.76227,41.60323,40.4628,45.03844,35.88715,12:59:07 21 Jan 2018
Voters,1/20/2018,47.41232,53.12327,41.70137,39.83334,44.15435,35.51233,18:00:13 20 Jan 2018
Adults,1/20/2018,42.60218,49.46005,35.74431,35.43886,40.68953,30.18818,18:00:11 20 Jan 2018
All polls,1/20/2018,47.39138,53.08953,41.69322,39.834,44.15792,35.51007,18:00:10 20 Jan 2018
Voters,1/19/2018,47.41232,53.12327,41.70137,39.83334,44.15435,35.51233,17:37:10 19 Jan 2018
Adults,1/19/2018,42.60218,49.46005,35.74431,35.43886,40.68953,30.18818,17:37:09 19 Jan 2018
All polls,1/19/2018,47.39138,53.08953,41.69322,39.834,44.15792,35.51007,17:37:08 19 Jan 2018
Adults,1/18/2018,42.20705,49.30506,35.10905,35.01942,40.41401,29.62484,16:07:08 18 Jan 2018
Voters,1/18/2018,47.46151,53.24471,41.67831,39.21295,43.31827,35.10764,16:07:09 18 Jan 2018
All polls,1/18/2018,47.45737,53.22771,41.68703,39.2528,43.36155,35.14404,16:07:07 18 Jan 2018
Voters,1/17/2018,46.57608,52.35962,40.79253,38.685,42.9018,34.4682,10:22:11 17 Jan 2018
Adults,1/17/2018,42.20705,49.30506,35.10905,35.01942,40.41401,29.62484,10:22:09 17 Jan 2018
All polls,1/17/2018,46.58874,52.35909,40.81838,38.73467,42.95621,34.51313,10:22:08 17 Jan 2018
Adults,1/16/2018,42.20705,49.30506,35.10905,35.01942,40.41401,29.62484,13:49:08 16 Jan 2018
Voters,1/16/2018,46.96343,52.69068,41.23618,38.45745,42.75872,34.15618,13:49:10 16 Jan 2018
All polls,1/16/2018,46.97526,52.68934,41.26118,38.5052,42.81127,34.19913,13:49:07 16 Jan 2018
Voters,1/15/2018,47.67439,53.22013,42.12865,37.9906,42.3829,33.59829,22:09:10 15 Jan 2018
Adults,1/15/2018,43.81928,50.94237,36.69619,34.76387,40.36546,29.16227,22:09:08 15 Jan 2018
All polls,1/15/2018,47.67734,53.2099,42.14478,38.03812,42.4352,33.64105,22:09:07 15 Jan 2018
Adults,1/14/2018,43.81928,50.94237,36.69619,34.76387,40.36546,29.16227,18:00:12 14 Jan 2018
Voters,1/14/2018,47.80764,53.4387,42.17659,37.76401,41.99232,33.53569,18:00:14 14 Jan 2018
All polls,1/14/2018,47.81088,53.42871,42.19305,37.81557,42.04863,33.5825,18:00:11 14 Jan 2018
Adults,1/13/2018,43.81928,50.94237,36.69619,34.76387,40.36546,29.16227,18:00:12 13 Jan 2018
Voters,1/13/2018,47.80764,53.4387,42.17659,37.76401,41.99232,33.53569,18:00:13 13 Jan 2018
All polls,1/13/2018,47.81088,53.42871,42.19305,37.81557,42.04863,33.5825,18:00:11 13 Jan 2018
Voters,1/12/2018,47.80764,53.4387,42.17659,37.76401,41.99232,33.53569,15:23:09 12 Jan 2018
Adults,1/12/2018,43.81928,50.94237,36.69619,34.76387,40.36546,29.16227,15:23:08 12 Jan 2018
All polls,1/12/2018,47.81088,53.42871,42.19305,37.81557,42.04863,33.5825,15:23:07 12 Jan 2018
Adults,1/11/2018,43.75888,51.07518,36.44258,34.99544,40.70803,29.28284,12:38:09 11 Jan 2018
Voters,1/11/2018,48.83465,54.60071,43.06859,37.30757,41.41254,33.2026,12:38:11 11 Jan 2018
All polls,1/11/2018,48.83119,54.58389,43.07848,37.3715,41.4814,33.26161,12:38:08 11 Jan 2018
Adults,1/10/2018,43.75888,51.07518,36.44258,34.99544,40.70803,29.28284,12:36:09 10 Jan 2018
Voters,1/10/2018,48.49,54.1211,42.8589,38.25657,42.49297,34.02016,12:36:11 10 Jan 2018
All polls,1/10/2018,48.49435,54.11189,42.87681,38.31253,42.55373,34.07133,12:36:08 10 Jan 2018
Voters,1/9/2018,48.28013,54.15487,42.4054,37.9913,42.36411,33.61849,18:00:12  9 Jan 2018
Adults,1/9/2018,43.45754,51.34188,35.5732,34.39907,40.43944,28.35871,18:00:11  9 Jan 2018
All polls,1/9/2018,48.29165,54.15284,42.43045,38.03822,42.4158,33.66063,18:00:10  9 Jan 2018
Voters,1/8/2018,48.28013,54.15487,42.4054,37.9913,42.36411,33.61849,18:00:14  8 Jan 2018
Adults,1/8/2018,43.45754,51.34188,35.5732,34.39907,40.43944,28.35871,18:00:12  8 Jan 2018
All polls,1/8/2018,48.29165,54.15284,42.43045,38.03822,42.4158,33.66063,18:00:11  8 Jan 2018
Adults,1/7/2018,43.45754,51.34188,35.5732,34.39907,40.43944,28.35871,18:00:12  7 Jan 2018
Voters,1/7/2018,48.28013,54.15487,42.4054,37.9913,42.36411,33.61849,18:00:14  7 Jan 2018
All polls,1/7/2018,48.29165,54.15284,42.43045,38.03822,42.4158,33.66063,18:00:11  7 Jan 2018
Voters,1/6/2018,48.28013,54.15487,42.4054,37.9913,42.36411,33.61849,18:00:13  6 Jan 2018
Adults,1/6/2018,43.45754,51.34188,35.5732,34.39907,40.43944,28.35871,18:00:11  6 Jan 2018
All polls,1/6/2018,48.29165,54.15284,42.43045,38.03822,42.4158,33.66063,18:00:10  6 Jan 2018
Voters,1/5/2018,48.28013,54.15487,42.4054,37.9913,42.36411,33.61849,18:47:10  5 Jan 2018
Adults,1/5/2018,43.45754,51.34188,35.5732,34.39907,40.43944,28.35871,18:47:08  5 Jan 2018
All polls,1/5/2018,48.29165,54.15284,42.43045,38.03822,42.4158,33.66063,18:47:07  5 Jan 2018
Voters,1/4/2018,49.34486,55.02152,43.66819,37.61115,42.08883,33.13347,13:59:10  4 Jan 2018
Adults,1/4/2018,46.83597,54.41704,39.2549,32.90405,39.16157,26.64652,13:59:08  4 Jan 2018
All polls,1/4/2018,49.3378,55.00086,43.67474,37.65901,42.14145,33.17657,13:59:07  4 Jan 2018
Adults,1/3/2018,46.83597,54.41704,39.2549,32.90405,39.16157,26.64652,16:00:13  3 Jan 2018
Voters,1/3/2018,49.36485,55.04029,43.68941,37.65114,42.13441,33.16787,16:00:14  3 Jan 2018
All polls,1/3/2018,49.35711,55.01886,43.69535,37.69762,42.1848,33.21043,16:00:12  3 Jan 2018
Adults,1/2/2018,46.83597,54.41704,39.2549,32.90405,39.16157,26.64652,21:38:07  2 Jan 2018
Voters,1/2/2018,49.82615,55.38871,44.26359,37.16911,41.66032,32.67791,21:38:09  2 Jan 2018
All polls,1/2/2018,49.80789,55.35672,44.25905,37.22268,41.71785,32.7275,21:38:07  2 Jan 2018
Voters,1/1/2018,49.90655,55.48521,44.32788,36.96237,41.49836,32.42639,18:00:13  1 Jan 2018
Adults,1/1/2018,47.03029,54.82681,39.23377,32.57988,38.98839,26.17136,18:00:11  1 Jan 2018
All polls,1/1/2018,49.88762,55.45254,44.3227,37.01371,41.55365,32.47378,18:00:11  1 Jan 2018
Adults,12/31/2017,47.03029,54.82681,39.23377,32.57988,38.98839,26.17136,18:00:11 31 Dec 2017
Voters,12/31/2017,49.90655,55.48521,44.32788,36.96237,41.49836,32.42639,18:00:13 31 Dec 2017
All polls,12/31/2017,49.88762,55.45254,44.3227,37.01371,41.55365,32.47378,18:00:10 31 Dec 2017
Adults,12/30/2017,47.03029,54.82681,39.23377,32.57988,38.98839,26.17136,18:00:11 30 Dec 2017
Voters,12/30/2017,49.90655,55.48521,44.32788,36.96237,41.49836,32.42639,18:00:13 30 Dec 2017
All polls,12/30/2017,49.88762,55.45254,44.3227,37.01371,41.55365,32.47378,18:00:10 30 Dec 2017
Voters,12/29/2017,49.90655,55.48521,44.32788,36.96237,41.49836,32.42639,13:59:09 29 Dec 2017
Adults,12/29/2017,47.03029,54.82681,39.23377,32.57988,38.98839,26.17136,13:59:07 29 Dec 2017
All polls,12/29/2017,49.88762,55.45254,44.3227,37.01371,41.55365,32.47378,13:59:06 29 Dec 2017
Voters,12/28/2017,50.08775,55.67794,44.49756,37.221,41.68802,32.75398,03:19:09 28 Dec 2017
Adults,12/28/2017,46.71109,54.72491,38.69728,32.67593,39.14636,26.2055,03:19:08 28 Dec 2017
All polls,12/28/2017,50.06739,55.64383,44.49096,37.26202,41.73296,32.79107,03:19:07 28 Dec 2017
Adults,12/27/2017,46.71109,54.72491,38.69728,32.67593,39.14636,26.2055,18:00:12 27 Dec 2017
Voters,12/27/2017,50.12361,55.72027,44.52695,36.76059,41.2511,32.27007,18:00:14 27 Dec 2017
All polls,12/27/2017,50.1036,55.68661,44.5206,36.80288,41.29723,32.30853,18:00:12 27 Dec 2017
Voters,12/26/2017,50.12361,55.72027,44.52695,36.76059,41.2511,32.27007,15:55:10 26 Dec 2017
Adults,12/26/2017,46.71109,54.72491,38.69728,32.67593,39.14636,26.2055,15:55:08 26 Dec 2017
All polls,12/26/2017,50.1036,55.68661,44.5206,36.80288,41.29723,32.30853,15:55:08 26 Dec 2017
Adults,12/25/2017,46.57969,54.72973,38.42964,33.43643,39.79368,27.07918,18:00:12 25 Dec 2017
Voters,12/25/2017,50.11104,55.71498,44.5071,37.27848,41.52316,33.03379,18:00:13 25 Dec 2017
All polls,12/25/2017,50.09433,55.68482,44.50384,37.30924,41.55764,33.06084,18:00:11 25 Dec 2017
Voters,12/24/2017,50.11104,55.71498,44.5071,37.27848,41.52316,33.03379,03:39:10 24 Dec 2017
Adults,12/24/2017,46.57969,54.72973,38.42964,33.43643,39.79368,27.07918,03:39:08 24 Dec 2017
All polls,12/24/2017,50.09433,55.68482,44.50384,37.30924,41.55764,33.06084,03:39:07 24 Dec 2017
Adults,12/23/2017,46.23148,54.60793,37.85503,33.8049,40.15864,27.45116,18:00:12 23 Dec 2017
Voters,12/23/2017,49.65071,55.33551,43.9659,37.37798,41.57919,33.17677,18:00:13 23 Dec 2017
All polls,12/23/2017,49.63818,55.30949,43.96686,37.40224,41.60716,33.19731,18:00:11 23 Dec 2017
Adults,12/22/2017,46.23148,54.60793,37.85503,33.8049,40.15864,27.45116,18:00:12 22 Dec 2017
Voters,12/22/2017,49.65071,55.33551,43.9659,37.37798,41.57919,33.17677,18:00:13 22 Dec 2017
All polls,12/22/2017,49.63818,55.30949,43.96686,37.40224,41.60716,33.19731,18:00:11 22 Dec 2017
Voters,12/21/2017,49.65071,55.33551,43.9659,37.37798,41.57919,33.17677,18:00:13 21 Dec 2017
Adults,12/21/2017,46.23148,54.60793,37.85503,33.8049,40.15864,27.45116,18:00:12 21 Dec 2017
All polls,12/21/2017,49.63818,55.30949,43.96686,37.40224,41.60716,33.19731,18:00:11 21 Dec 2017
Adults,12/20/2017,46.23148,54.60793,37.85503,33.8049,40.15864,27.45116,14:53:09 20 Dec 2017
Voters,12/20/2017,49.65071,55.33551,43.9659,37.37798,41.57919,33.17677,14:53:11 20 Dec 2017
All polls,12/20/2017,49.63818,55.30949,43.96686,37.40224,41.60716,33.19731,14:53:08 20 Dec 2017
Adults,12/19/2017,42.49944,47.29316,37.70572,31.96229,36.76543,27.15915,14:43:07 19 Dec 2017
Voters,12/19/2017,49.32853,54.85669,43.80037,36.96882,40.96868,32.96896,14:43:09 19 Dec 2017
All polls,12/19/2017,49.3023,54.81668,43.78791,36.98446,40.98871,32.9802,14:43:06 19 Dec 2017
Voters,12/18/2017,48.68662,54.36184,43.01141,37.48215,41.37469,33.5896,18:22:09 18 Dec 2017
Adults,12/18/2017,45.90569,53.36852,38.44286,35.4286,42.01481,28.84238,18:22:08 18 Dec 2017
All polls,12/18/2017,48.91276,54.48834,43.33718,37.5025,41.39843,33.60657,18:22:07 18 Dec 2017
Voters,12/17/2017,48.47329,54.22686,42.71971,37.59333,41.53505,33.6516,15:44:09 17 Dec 2017
Adults,12/17/2017,45.90569,53.36852,38.44286,35.4286,42.01481,28.84238,15:44:08 17 Dec 2017
All polls,12/17/2017,48.74686,54.42113,43.07259,37.61108,41.57438,33.64779,15:44:07 17 Dec 2017
Adults,12/16/2017,41.82461,47.00952,36.6397,33.01813,37.90761,28.12865,18:00:11 16 Dec 2017
Voters,12/16/2017,48.47329,54.22686,42.71971,37.59333,41.53505,33.6516,18:00:13 16 Dec 2017
All polls,12/16/2017,48.46986,54.20948,42.73024,37.64967,41.59542,33.70393,18:00:10 16 Dec 2017
Voters,12/15/2017,48.47329,54.22686,42.71971,37.59333,41.53505,33.6516,15:43:09 15 Dec 2017
Adults,12/15/2017,41.82461,47.00952,36.6397,33.01813,37.90761,28.12865,15:43:07 15 Dec 2017
All polls,12/15/2017,48.46986,54.20948,42.73024,37.64967,41.59542,33.70393,15:43:06 15 Dec 2017
Adults,12/14/2017,40.88459,46.46343,35.30574,34.11362,39.10289,29.12436,16:15:09 14 Dec 2017
Voters,12/14/2017,48.70247,54.53099,42.87394,37.78735,41.64703,33.92767,16:15:10 14 Dec 2017
All polls,12/14/2017,48.69125,54.50594,42.87657,37.83356,41.69732,33.96981,16:15:08 14 Dec 2017
Adults,12/13/2017,40.88459,46.46343,35.30574,34.11362,39.10289,29.12436,13:30:11 13 Dec 2017
Voters,12/13/2017,48.20757,54.01416,42.40097,37.12793,40.84842,33.40745,13:30:12 13 Dec 2017
All polls,12/13/2017,48.2,53.99256,42.40745,37.18164,40.90543,33.45784,13:30:10 13 Dec 2017
Voters,12/12/2017,47.24899,53.15026,41.34771,37.40862,41.43608,33.38115,20:32:09 12 Dec 2017
Adults,12/12/2017,40.88459,46.46343,35.30574,34.11362,39.10289,29.12436,20:32:08 12 Dec 2017
All polls,12/12/2017,47.24332,53.13039,41.35624,37.47711,41.50762,33.4466,20:32:07 12 Dec 2017
Voters,12/11/2017,46.16527,51.99783,40.33271,37.54392,41.70464,33.3832,18:00:12 11 Dec 2017
Adults,12/11/2017,41.16565,46.92412,35.40717,34.53572,39.64394,29.4275,18:00:10 11 Dec 2017
All polls,12/11/2017,46.17092,51.98892,40.35292,37.62837,41.79198,33.46476,18:00:09 11 Dec 2017
Adults,12/10/2017,41.16565,46.92412,35.40717,34.53572,39.64394,29.4275,18:27:07 10 Dec 2017
Voters,12/10/2017,46.16527,51.99783,40.33271,37.54392,41.70464,33.3832,18:27:09 10 Dec 2017
All polls,12/10/2017,46.17092,51.98892,40.35292,37.62837,41.79198,33.46476,18:27:06 10 Dec 2017
Voters,12/9/2017,46.23388,52.0851,40.38266,37.97556,42.08656,33.86456,18:00:12  9 Dec 2017
Adults,12/9/2017,40.59549,46.52255,34.66842,35.28497,40.55853,30.01142,18:00:10  9 Dec 2017
All polls,12/9/2017,46.23886,52.0757,40.40202,38.05549,42.1697,33.94128,18:00:10  9 Dec 2017
Voters,12/8/2017,46.23388,52.0851,40.38266,37.97556,42.08656,33.86456,18:00:13  8 Dec 2017
Adults,12/8/2017,40.59549,46.52255,34.66842,35.28497,40.55853,30.01142,18:00:12  8 Dec 2017
All polls,12/8/2017,46.23886,52.0757,40.40202,38.05549,42.1697,33.94128,18:00:11  8 Dec 2017
Adults,12/7/2017,40.59549,46.52255,34.66842,35.28497,40.55853,30.01142,18:00:12  7 Dec 2017
Voters,12/7/2017,46.23388,52.0851,40.38266,37.97556,42.08656,33.86456,18:00:14  7 Dec 2017
All polls,12/7/2017,46.23886,52.0757,40.40202,38.05549,42.1697,33.94128,18:00:11  7 Dec 2017
Voters,12/6/2017,46.23388,52.0851,40.38266,37.97556,42.08656,33.86456,12:14:09  6 Dec 2017
Adults,12/6/2017,40.59549,46.52255,34.66842,35.28497,40.55853,30.01142,12:14:08  6 Dec 2017
All polls,12/6/2017,46.23886,52.0757,40.40202,38.05549,42.1697,33.94128,12:14:07  6 Dec 2017
Voters,12/5/2017,46.22324,52.07066,40.37581,37.50686,41.71905,33.29467,15:25:10  5 Dec 2017
Adults,12/5/2017,40.59549,46.52255,34.66842,35.28497,40.55853,30.01142,15:25:09  5 Dec 2017
All polls,12/5/2017,46.22826,52.06171,40.39481,37.59274,41.80819,33.37728,15:25:08  5 Dec 2017
Adults,12/4/2017,40.12899,46.23104,34.02694,32.70291,37.97496,27.43086,18:00:11  4 Dec 2017
Voters,12/4/2017,45.76001,51.54951,39.9705,37.59576,42.20414,32.98738,18:00:12  4 Dec 2017
All polls,12/4/2017,45.78395,51.55761,40.01028,37.68958,42.29958,33.07959,18:00:10  4 Dec 2017
Voters,12/3/2017,45.76001,51.54951,39.9705,37.59576,42.20414,32.98738,18:00:12  3 Dec 2017
Adults,12/3/2017,40.12899,46.23104,34.02694,32.70291,37.97496,27.43086,18:00:10  3 Dec 2017
All polls,12/3/2017,45.78395,51.55761,40.01028,37.68958,42.29958,33.07959,18:00:09  3 Dec 2017
Adults,12/2/2017,40.12899,46.23104,34.02694,32.70291,37.97496,27.43086,18:00:10  2 Dec 2017
Voters,12/2/2017,45.76001,51.54951,39.9705,37.59576,42.20414,32.98738,18:00:11  2 Dec 2017
All polls,12/2/2017,45.78395,51.55761,40.01028,37.68958,42.29958,33.07959,18:00:09  2 Dec 2017
Voters,12/1/2017,45.76001,51.54951,39.9705,37.59576,42.20414,32.98738,16:21:09  1 Dec 2017
Adults,12/1/2017,40.12899,46.23104,34.02694,32.70291,37.97496,27.43086,16:21:08  1 Dec 2017
All polls,12/1/2017,45.78395,51.55761,40.01028,37.68958,42.29958,33.07959,16:21:07  1 Dec 2017
Adults,11/30/2017,40.48259,46.66079,34.3044,33.48915,38.80286,28.17543,18:00:11 30 Nov 2017
Voters,11/30/2017,45.91176,51.71432,40.1092,38.03933,42.56534,33.51333,18:00:13 30 Nov 2017
All polls,11/30/2017,45.93464,51.72166,40.14762,38.12389,42.65174,33.59604,18:00:11 30 Nov 2017
Adults,11/29/2017,40.48259,46.66079,34.3044,33.48915,38.80286,28.17543,14:09:07 29 Nov 2017
Voters,11/29/2017,45.91176,51.71432,40.1092,38.03933,42.56534,33.51333,14:09:08 29 Nov 2017
All polls,11/29/2017,45.93464,51.72166,40.14762,38.12389,42.65174,33.59604,14:09:06 29 Nov 2017
Voters,11/28/2017,46.56831,52.28759,40.84903,37.2389,41.9704,32.5074,14:51:08 28 Nov 2017
Adults,11/28/2017,41.45461,47.87068,35.03854,32.39157,38.0916,26.69154,14:51:07 28 Nov 2017
All polls,11/28/2017,46.58801,52.29243,40.88358,37.33114,42.06528,32.597,14:51:06 28 Nov 2017
Adults,11/27/2017,42.15246,48.68332,35.6216,32.9512,38.71828,27.18412,18:00:13 27 Nov 2017
Voters,11/27/2017,46.76479,52.4745,41.05508,37.61529,42.25965,32.97092,18:00:14 27 Nov 2017
All polls,11/27/2017,46.78101,52.47598,41.08603,37.69709,42.3442,33.04999,18:00:12 27 Nov 2017
Adults,11/26/2017,42.15246,48.68332,35.6216,32.9512,38.71828,27.18412,18:00:11 26 Nov 2017
Voters,11/26/2017,46.76479,52.4745,41.05508,37.61529,42.25965,32.97092,18:00:12 26 Nov 2017
All polls,11/26/2017,46.78101,52.47598,41.08603,37.69709,42.3442,33.04999,18:00:10 26 Nov 2017
Voters,11/25/2017,46.76479,52.4745,41.05508,37.61529,42.25965,32.97092,18:00:14 25 Nov 2017
Adults,11/25/2017,42.15246,48.68332,35.6216,32.9512,38.71828,27.18412,18:00:12 25 Nov 2017
All polls,11/25/2017,46.78101,52.47598,41.08603,37.69709,42.3442,33.04999,18:00:11 25 Nov 2017
Voters,11/24/2017,46.76479,52.4745,41.05508,37.61529,42.25965,32.97092,18:00:12 24 Nov 2017
Adults,11/24/2017,42.15246,48.68332,35.6216,32.9512,38.71828,27.18412,18:00:11 24 Nov 2017
All polls,11/24/2017,46.78101,52.47598,41.08603,37.69709,42.3442,33.04999,18:00:10 24 Nov 2017
Adults,11/23/2017,42.15246,48.68332,35.6216,32.9512,38.71828,27.18412,18:00:10 23 Nov 2017
Voters,11/23/2017,46.76479,52.4745,41.05508,37.61529,42.25965,32.97092,18:00:12 23 Nov 2017
All polls,11/23/2017,46.78101,52.47598,41.08603,37.69709,42.3442,33.04999,18:00:10 23 Nov 2017
Voters,11/22/2017,46.76479,52.4745,41.05508,37.61529,42.25965,32.97092,12:01:09 22 Nov 2017
Adults,11/22/2017,42.15246,48.68332,35.6216,32.9512,38.71828,27.18412,12:01:07 22 Nov 2017
All polls,11/22/2017,46.78101,52.47598,41.08603,37.69709,42.3442,33.04999,12:01:07 22 Nov 2017
Adults,11/21/2017,42.33366,49.11651,35.55081,34.52193,40.33319,28.71066,12:41:07 21 Nov 2017
Voters,11/21/2017,46.75207,52.51483,40.98932,38.70193,43.22048,34.18337,12:41:08 21 Nov 2017
All polls,11/21/2017,46.77758,52.52421,41.03094,38.75728,43.28059,34.23398,12:41:06 21 Nov 2017
Adults,11/20/2017,42.33366,49.11651,35.55081,34.52193,40.33319,28.71066,14:33:07 20 Nov 2017
Voters,11/20/2017,48.0835,54.01891,42.14809,37.66574,42.14154,33.18993,14:33:08 20 Nov 2017
All polls,11/20/2017,48.09614,54.01543,42.17685,37.74938,42.23086,33.2679,14:33:06 20 Nov 2017
Voters,11/19/2017,48.32727,54.27097,42.38358,37.21306,41.79028,32.63585,18:00:12 19 Nov 2017
Adults,11/19/2017,43.12021,49.99822,36.24221,33.21011,39.33531,27.08492,18:00:11 19 Nov 2017
All polls,11/19/2017,48.33765,54.2643,42.411,37.29528,41.87936,32.71121,18:00:10 19 Nov 2017
Voters,11/18/2017,48.32727,54.27097,42.38358,37.21306,41.79028,32.63585,18:00:11 18 Nov 2017
Adults,11/18/2017,43.12021,49.99822,36.24221,33.21011,39.33531,27.08492,18:00:10 18 Nov 2017
All polls,11/18/2017,48.33765,54.2643,42.411,37.29528,41.87936,32.71121,18:00:10 18 Nov 2017
Adults,11/17/2017,43.12021,49.99822,36.24221,33.21011,39.33531,27.08492,18:00:11 17 Nov 2017
Voters,11/17/2017,48.32727,54.27097,42.38358,37.21306,41.79028,32.63585,18:00:12 17 Nov 2017
All polls,11/17/2017,48.33765,54.2643,42.411,37.29528,41.87936,32.71121,18:00:11 17 Nov 2017
Voters,11/16/2017,48.32727,54.27097,42.38358,37.21306,41.79028,32.63585,15:46:09 16 Nov 2017
Adults,11/16/2017,43.12021,49.99822,36.24221,33.21011,39.33531,27.08492,15:46:07 16 Nov 2017
All polls,11/16/2017,48.33765,54.2643,42.411,37.29528,41.87936,32.71121,15:46:07 16 Nov 2017
Voters,11/15/2017,48.37262,54.45415,42.2911,37.11549,41.71094,32.52005,15:04:08 15 Nov 2017
Adults,11/15/2017,43.12021,49.99822,36.24221,33.21011,39.33531,27.08492,15:04:07 15 Nov 2017
All polls,11/15/2017,48.38566,54.44902,42.3223,37.20691,41.80945,32.60437,15:04:07 15 Nov 2017
Adults,11/14/2017,43.12021,49.99822,36.24221,33.21011,39.33531,27.08492,15:07:08 14 Nov 2017
Voters,11/14/2017,48.48707,54.66044,42.3137,37.12866,41.78582,32.47151,15:07:09 14 Nov 2017
All polls,11/14/2017,48.49412,54.64724,42.341,37.22258,41.88878,32.55638,15:07:07 14 Nov 2017
Voters,11/13/2017,46.81214,53.00692,40.61737,38.11354,43.07285,33.15424,18:00:12 13 Nov 2017
Adults,11/13/2017,43.91666,50.98572,36.84761,34.41046,40.60122,28.21971,18:00:11 13 Nov 2017
All polls,11/13/2017,46.84162,53.01256,40.67067,38.20643,43.17699,33.23588,18:00:11 13 Nov 2017
Voters,11/12/2017,46.81214,53.00692,40.61737,38.11354,43.07285,33.15424,18:00:12 12 Nov 2017
Adults,11/12/2017,43.91666,50.98572,36.84761,34.41046,40.60122,28.21971,18:00:11 12 Nov 2017
All polls,11/12/2017,46.84162,53.01256,40.67067,38.20643,43.17699,33.23588,18:00:10 12 Nov 2017
Adults,11/11/2017,43.91666,50.98572,36.84761,34.41046,40.60122,28.21971,18:00:12 11 Nov 2017
Voters,11/11/2017,46.81214,53.00692,40.61737,38.11354,43.07285,33.15424,18:00:13 11 Nov 2017
All polls,11/11/2017,46.84162,53.01256,40.67067,38.20643,43.17699,33.23588,18:00:11 11 Nov 2017
Voters,11/10/2017,46.81214,53.00692,40.61737,38.11354,43.07285,33.15424,18:00:12 10 Nov 2017
Adults,11/10/2017,43.91666,50.98572,36.84761,34.41046,40.60122,28.21971,18:00:11 10 Nov 2017
All polls,11/10/2017,46.84162,53.01256,40.67067,38.20643,43.17699,33.23588,18:00:10 10 Nov 2017
Voters,11/9/2017,46.81214,53.00692,40.61737,38.11354,43.07285,33.15424,15:20:11  9 Nov 2017
Adults,11/9/2017,43.91666,50.98572,36.84761,34.41046,40.60122,28.21971,15:20:10  9 Nov 2017
All polls,11/9/2017,46.84162,53.01256,40.67067,38.20643,43.17699,33.23588,15:20:09  9 Nov 2017
Voters,11/8/2017,47.53682,53.63612,41.43751,37.78749,42.84137,32.7336,15:29:08  8 Nov 2017
Adults,11/8/2017,44.38585,51.48385,37.28785,33.81781,40.14598,27.48964,15:29:07  8 Nov 2017
All polls,11/8/2017,47.55229,53.62696,41.47762,37.87435,42.94012,32.80858,15:29:07  8 Nov 2017
Adults,11/7/2017,43.22507,49.60425,36.8459,32.72493,38.52603,26.92382,15:05:08  7 Nov 2017
Voters,11/7/2017,47.7971,53.82534,41.76887,38.06459,43.11142,33.01775,15:05:09  7 Nov 2017
All polls,11/7/2017,47.79625,53.79825,41.79426,38.12987,43.19091,33.06883,15:05:07  7 Nov 2017
Adults,11/6/2017,44.96646,51.75137,38.18156,32.74611,38.7509,26.74131,17:54:07  6 Nov 2017
Voters,11/6/2017,48.66182,54.704,42.61964,38.25964,43.31435,33.20492,17:54:09  6 Nov 2017
All polls,11/6/2017,48.64637,54.65882,42.63392,38.30089,43.37045,33.23134,17:54:07  6 Nov 2017
Voters,11/5/2017,46.63094,52.65945,40.60244,37.84011,42.89156,32.78866,18:00:10  5 Nov 2017
Adults,11/5/2017,41.16656,48.13633,34.1968,33.04017,39.14801,26.93234,18:00:09  5 Nov 2017
All polls,11/5/2017,46.62461,52.62651,40.62271,37.85847,42.93097,32.78598,18:00:09  5 Nov 2017
Adults,11/4/2017,41.16656,48.13633,34.1968,33.04017,39.14801,26.93234,18:00:11  4 Nov 2017
Voters,11/4/2017,46.63094,52.65945,40.60244,37.84011,42.89156,32.78866,18:00:12  4 Nov 2017
All polls,11/4/2017,46.62461,52.62651,40.62271,37.85847,42.93097,32.78598,18:00:10  4 Nov 2017
Adults,11/3/2017,41.16656,48.13633,34.1968,33.04017,39.14801,26.93234,18:00:09  3 Nov 2017
Voters,11/3/2017,46.63094,52.65945,40.60244,37.84011,42.89156,32.78866,18:00:10  3 Nov 2017
All polls,11/3/2017,46.62461,52.62651,40.62271,37.85847,42.93097,32.78598,18:00:08  3 Nov 2017
Voters,11/2/2017,46.63094,52.65945,40.60244,37.84011,42.89156,32.78866,18:00:11  2 Nov 2017
Adults,11/2/2017,41.16656,48.13633,34.1968,33.04017,39.14801,26.93234,18:00:10  2 Nov 2017
All polls,11/2/2017,46.62461,52.62651,40.62271,37.85847,42.93097,32.78598,18:00:10  2 Nov 2017
Voters,11/1/2017,46.63094,52.65945,40.60244,37.84011,42.89156,32.78866,14:37:08  1 Nov 2017
Adults,11/1/2017,41.16656,48.13633,34.1968,33.04017,39.14801,26.93234,14:37:07  1 Nov 2017
All polls,11/1/2017,46.62461,52.62651,40.62271,37.85847,42.93097,32.78598,14:37:06  1 Nov 2017
Adults,10/31/2017,41.16656,48.13633,34.1968,33.04017,39.14801,26.93234,15:20:10 31 Oct 2017
Voters,10/31/2017,47.11917,53.12489,41.11345,37.27058,42.45264,32.08852,15:20:12 31 Oct 2017
All polls,10/31/2017,47.09726,53.07322,41.1213,37.2699,42.47326,32.06655,15:20:10 31 Oct 2017
Voters,10/30/2017,47.08202,53.02658,41.13746,36.33128,41.63121,31.03134,09:47:08 30 Oct 2017
Adults,10/30/2017,41.4796,48.62875,34.33045,31.36905,37.91608,24.82202,09:47:07 30 Oct 2017
All polls,10/30/2017,47.0434,52.95603,41.13077,36.31261,41.63975,30.98548,09:47:06 30 Oct 2017
Adults,10/29/2017,41.4796,48.62875,34.33045,31.36905,37.91608,24.82202,13:25:08 29 Oct 2017
Voters,10/29/2017,47.17391,53.1526,41.19523,36.22933,41.30034,31.15832,13:25:09 29 Oct 2017
All polls,10/29/2017,47.14131,53.0854,41.19721,36.20427,41.31593,31.0926,13:25:07 29 Oct 2017
Adults,10/28/2017,41.4796,48.62875,34.33045,31.36905,37.91608,24.82202,18:00:10 28 Oct 2017
Voters,10/28/2017,47.11287,53.20928,41.01645,34.96307,39.8176,30.10853,18:00:11 28 Oct 2017
All polls,10/28/2017,47.12307,53.17907,41.06707,35.07169,40.01105,30.13233,18:00:10 28 Oct 2017
Voters,10/27/2017,47.11287,53.20928,41.01645,34.96307,39.8176,30.10853,18:05:48 27 Oct 2017
Adults,10/27/2017,41.4796,48.62875,34.33045,31.36905,37.91608,24.82202,18:05:47 27 Oct 2017
All polls,10/27/2017,47.12307,53.17907,41.06707,35.07169,40.01105,30.13233,18:05:47 27 Oct 2017
Voters,10/26/2017,48.64244,54.95377,42.33112,35.41376,40.32522,30.50231,18:00:09 26 Oct 2017
Adults,10/26/2017,50.42739,56.37653,44.47824,37.19248,43.30383,31.08113,18:00:09 26 Oct 2017
All polls,10/26/2017,48.63787,54.86037,42.41537,35.51021,40.47807,30.54235,18:00:08 26 Oct 2017
Adults,10/25/2017,50.42739,56.37653,44.47824,37.19248,43.30383,31.08113,21:06:06 25 Oct 2017
Voters,10/25/2017,48.64244,54.95377,42.33112,35.41376,40.32522,30.50231,21:06:06 25 Oct 2017
All polls,10/25/2017,48.63787,54.86037,42.41537,35.51021,40.47807,30.54235,21:06:06 25 Oct 2017
Voters,10/24/2017,48.31289,54.68497,41.9408,37.77354,43.00686,32.54022,18:00:09 24 Oct 2017
Adults,10/24/2017,50.42739,56.37653,44.47824,37.19248,43.30383,31.08113,18:00:09 24 Oct 2017
All polls,10/24/2017,48.2504,54.49774,42.00307,37.90285,43.14017,32.66552,18:00:09 24 Oct 2017
Voters,10/23/2017,48.31289,54.68497,41.9408,37.77354,43.00686,32.54022,11:37:07 23 Oct 2017
Adults,10/23/2017,50.42739,56.37653,44.47824,37.19248,43.30383,31.08113,11:37:07 23 Oct 2017
All polls,10/23/2017,48.2504,54.49774,42.00307,37.90285,43.14017,32.66552,11:37:07 23 Oct 2017
Adults,10/22/2017,50.42739,56.37653,44.47824,37.19248,43.30383,31.08113,18:00:10 22 Oct 2017
Voters,10/22/2017,48.20903,54.69944,41.71861,37.47965,42.39835,32.56095,18:00:10 22 Oct 2017
All polls,10/22/2017,48.14378,54.50318,41.78439,37.60966,42.59266,32.62666,18:00:09 22 Oct 2017
Voters,10/21/2017,48.20903,54.69944,41.71861,37.47965,42.39835,32.56095,18:00:08 21 Oct 2017
Adults,10/21/2017,50.42739,56.37653,44.47824,37.19248,43.30383,31.08113,18:00:08 21 Oct 2017
All polls,10/21/2017,48.14378,54.50318,41.78439,37.60966,42.59266,32.62666,18:00:08 21 Oct 2017
Voters,10/20/2017,48.20903,54.69944,41.71861,37.47965,42.39835,32.56095,18:00:10 20 Oct 2017
Adults,10/20/2017,50.42739,56.37653,44.47824,37.19248,43.30383,31.08113,18:00:10 20 Oct 2017
All polls,10/20/2017,48.14378,54.50318,41.78439,37.60966,42.59266,32.62666,18:00:10 20 Oct 2017
Adults,10/19/2017,50.42739,56.37653,44.47824,37.19248,43.30383,31.08113,18:00:09 19 Oct 2017
Voters,10/19/2017,48.20903,54.69944,41.71861,37.47965,42.39835,32.56095,18:00:09 19 Oct 2017
All polls,10/19/2017,48.14378,54.50318,41.78439,37.60966,42.59266,32.62666,18:00:09 19 Oct 2017
Voters,10/18/2017,48.20903,54.69944,41.71861,37.47965,42.39835,32.56095,13:16:07 18 Oct 2017
Adults,10/18/2017,50.42739,56.37653,44.47824,37.19248,43.30383,31.08113,13:16:06 18 Oct 2017
All polls,10/18/2017,48.14378,54.50318,41.78439,37.60966,42.59266,32.62666,13:16:06 18 Oct 2017
All polls,10/17/2017,48.56813,54.99747,42.13879,38.1772,43.16026,33.19415,10:13:05 17 Oct 2017
Voters,10/17/2017,48.64712,55.24571,42.04852,38.08441,43.02503,33.14379,10:13:06 17 Oct 2017
Adults,10/17/2017,50.42739,56.37653,44.47824,37.19248,43.30383,31.08113,10:13:06 17 Oct 2017
Voters,10/16/2017,46.64604,52.4791,40.81299,39.00985,44.05927,33.96044,18:00:09 16 Oct 2017
Adults,10/16/2017,48.5719,54.19561,42.9482,41.68882,47.31253,36.06511,18:00:09 16 Oct 2017
All polls,10/16/2017,46.59031,52.31794,40.86268,39.02989,44.11733,33.94244,18:00:08 16 Oct 2017
Adults,10/15/2017,48.5719,54.19561,42.9482,41.68882,47.31253,36.06511,18:00:09 15 Oct 2017
Voters,10/15/2017,46.64604,52.4791,40.81299,39.00985,44.05927,33.96044,18:00:09 15 Oct 2017
All polls,10/15/2017,46.59031,52.31794,40.86268,39.02989,44.11733,33.94244,18:00:09 15 Oct 2017
Adults,10/14/2017,48.5719,54.19561,42.9482,41.68882,47.31253,36.06511,18:00:09 14 Oct 2017
Voters,10/14/2017,46.64604,52.4791,40.81299,39.00985,44.05927,33.96044,18:00:09 14 Oct 2017
All polls,10/14/2017,46.59031,52.31794,40.86268,39.02989,44.11733,33.94244,18:00:09 14 Oct 2017
Voters,10/13/2017,46.64604,52.4791,40.81299,39.00985,44.05927,33.96044,18:00:11 13 Oct 2017
Adults,10/13/2017,48.5719,54.19561,42.9482,41.68882,47.31253,36.06511,18:00:11 13 Oct 2017
All polls,10/13/2017,46.59031,52.31794,40.86268,39.02989,44.11733,33.94244,18:00:11 13 Oct 2017
Adults,10/12/2017,48.5719,54.19561,42.9482,41.68882,47.31253,36.06511,18:00:12 12 Oct 2017
Voters,10/12/2017,46.64604,52.4791,40.81299,39.00985,44.05927,33.96044,18:00:12 12 Oct 2017
All polls,10/12/2017,46.59031,52.31794,40.86268,39.02989,44.11733,33.94244,18:00:12 12 Oct 2017
Adults,10/11/2017,48.5719,54.19561,42.9482,41.68882,47.31253,36.06511,13:13:06 11 Oct 2017
Voters,10/11/2017,46.64604,52.4791,40.81299,39.00985,44.05927,33.96044,13:13:06 11 Oct 2017
All polls,10/11/2017,46.59031,52.31794,40.86268,39.02989,44.11733,33.94244,13:13:05 11 Oct 2017
Voters,10/10/2017,45.5913,51.38892,39.79367,37.56077,42.47101,32.65054,18:00:10 10 Oct 2017
Adults,10/10/2017,48.5719,54.19561,42.9482,41.68882,47.31253,36.06511,18:00:10 10 Oct 2017
All polls,10/10/2017,45.62031,51.31614,39.92448,37.74797,42.79274,32.7032,18:00:09 10 Oct 2017
Voters,10/9/2017,45.5913,51.38892,39.79367,37.56077,42.47101,32.65054,18:00:09  9 Oct 2017
Adults,10/9/2017,48.5719,54.19561,42.9482,41.68882,47.31253,36.06511,18:00:09  9 Oct 2017
All polls,10/9/2017,45.62031,51.31614,39.92448,37.74797,42.79274,32.7032,18:00:09  9 Oct 2017
Adults,10/8/2017,48.5719,54.19561,42.9482,41.68882,47.31253,36.06511,18:00:09  8 Oct 2017
Voters,10/8/2017,45.5913,51.38892,39.79367,37.56077,42.47101,32.65054,18:00:10  8 Oct 2017
All polls,10/8/2017,45.62031,51.31614,39.92448,37.74797,42.79274,32.7032,18:00:09  8 Oct 2017
Voters,10/7/2017,45.5913,51.38892,39.79367,37.56077,42.47101,32.65054,18:00:09  7 Oct 2017
Adults,10/7/2017,48.5719,54.19561,42.9482,41.68882,47.31253,36.06511,18:00:08  7 Oct 2017
All polls,10/7/2017,45.62031,51.31614,39.92448,37.74797,42.79274,32.7032,18:00:08  7 Oct 2017
Voters,10/6/2017,45.5913,51.38892,39.79367,37.56077,42.47101,32.65054,18:00:09  6 Oct 2017
Adults,10/6/2017,48.5719,54.19561,42.9482,41.68882,47.31253,36.06511,18:00:08  6 Oct 2017
All polls,10/6/2017,45.62031,51.31614,39.92448,37.74797,42.79274,32.7032,18:00:08  6 Oct 2017
Voters,10/5/2017,45.5913,51.38892,39.79367,37.56077,42.47101,32.65054,18:00:10  5 Oct 2017
Adults,10/5/2017,48.5719,54.19561,42.9482,41.68882,47.31253,36.06511,18:00:10  5 Oct 2017
All polls,10/5/2017,45.62031,51.31614,39.92448,37.74797,42.79274,32.7032,18:00:10  5 Oct 2017
Adults,10/4/2017,48.5719,54.19561,42.9482,41.68882,47.31253,36.06511,12:42:06  4 Oct 2017
Voters,10/4/2017,45.5913,51.38892,39.79367,37.56077,42.47101,32.65054,12:42:07  4 Oct 2017
All polls,10/4/2017,45.62031,51.31614,39.92448,37.74797,42.79274,32.7032,12:42:06  4 Oct 2017
Adults,10/3/2017,48.5719,54.19561,42.9482,41.68882,47.31253,36.06511,18:00:10  3 Oct 2017
Voters,10/3/2017,46.04311,51.66506,40.42117,37.93647,42.63062,33.24233,18:00:10  3 Oct 2017
All polls,10/3/2017,46.07135,51.53302,40.60968,38.14323,42.97753,33.30894,18:00:10  3 Oct 2017
Voters,10/2/2017,46.04311,51.66506,40.42117,37.93647,42.63062,33.24233,18:00:09  2 Oct 2017
Adults,10/2/2017,48.5719,54.19561,42.9482,41.68882,47.31253,36.06511,18:00:09  2 Oct 2017
All polls,10/2/2017,46.07135,51.53302,40.60968,38.14323,42.97753,33.30894,18:00:09  2 Oct 2017
Adults,10/1/2017,48.5719,54.19561,42.9482,41.68882,47.31253,36.06511,18:00:08  1 Oct 2017
Voters,10/1/2017,46.04311,51.66506,40.42117,37.93647,42.63062,33.24233,18:00:08  1 Oct 2017
All polls,10/1/2017,46.07135,51.53302,40.60968,38.14323,42.97753,33.30894,18:00:08  1 Oct 2017
Adults,9/30/2017,48.5719,54.19561,42.9482,41.68882,47.31253,36.06511,18:00:08 30 Sep 2017
Voters,9/30/2017,46.04311,51.66506,40.42117,37.93647,42.63062,33.24233,18:00:08 30 Sep 2017
All polls,9/30/2017,46.07135,51.53302,40.60968,38.14323,42.97753,33.30894,18:00:08 30 Sep 2017
Voters,9/29/2017,46.04311,51.66506,40.42117,37.93647,42.63062,33.24233,18:00:11 29 Sep 2017
Adults,9/29/2017,48.5719,54.19561,42.9482,41.68882,47.31253,36.06511,18:00:10 29 Sep 2017
All polls,9/29/2017,46.07135,51.53302,40.60968,38.14323,42.97753,33.30894,18:00:10 29 Sep 2017
Voters,9/28/2017,46.04311,51.66506,40.42117,37.93647,42.63062,33.24233,14:50:08 28 Sep 2017
Adults,9/28/2017,48.5719,54.19561,42.9482,41.68882,47.31253,36.06511,14:50:08 28 Sep 2017
All polls,9/28/2017,46.07135,51.53302,40.60968,38.14323,42.97753,33.30894,14:50:07 28 Sep 2017
Adults,9/27/2017,48.5719,54.19561,42.9482,41.68882,47.31253,36.06511,14:28:06 27 Sep 2017
Voters,9/27/2017,45.53977,51.38191,39.69763,38.23594,43.2849,33.18697,14:28:06 27 Sep 2017
All polls,9/27/2017,45.65202,51.3108,39.99324,38.55877,43.70988,33.40765,14:28:05 27 Sep 2017
Voters,9/26/2017,46.51806,52.80557,40.23055,38.55574,44.13272,32.97875,18:00:09 26 Sep 2017
Adults,9/26/2017,48.5719,54.19561,42.9482,41.68882,47.31253,36.06511,18:00:08 26 Sep 2017
All polls,9/26/2017,46.8672,52.86843,40.86597,39.64738,45.21928,34.07549,18:00:08 26 Sep 2017
Adults,9/25/2017,48.5719,54.19561,42.9482,41.68882,47.31253,36.06511,18:00:08 25 Sep 2017
Voters,9/25/2017,46.51806,52.80557,40.23055,38.55574,44.13272,32.97875,18:00:08 25 Sep 2017
All polls,9/25/2017,46.8672,52.86843,40.86597,39.64738,45.21928,34.07549,18:00:07 25 Sep 2017
Voters,9/24/2017,46.51806,52.80557,40.23055,38.55574,44.13272,32.97875,22:31:05 24 Sep 2017
Adults,9/24/2017,48.5719,54.19561,42.9482,41.68882,47.31253,36.06511,22:31:05 24 Sep 2017
All polls,9/24/2017,46.8672,52.86843,40.86597,39.64738,45.21928,34.07549,22:31:05 24 Sep 2017
Adults,9/23/2017,48.18649,54.15386,42.21911,41.9907,47.95807,36.02332,18:00:09 23 Sep 2017
Voters,9/23/2017,45.68006,51.88887,39.47125,36.44003,41.38982,31.49025,18:00:09 23 Sep 2017
All polls,9/23/2017,46.4261,52.46286,40.38935,38.58342,43.97634,33.19049,18:00:08 23 Sep 2017
Adults,9/22/2017,48.18649,54.15386,42.21911,41.9907,47.95807,36.02332,18:00:13 22 Sep 2017
Voters,9/22/2017,45.68006,51.88887,39.47125,36.44003,41.38982,31.49025,18:00:13 22 Sep 2017
All polls,9/22/2017,46.4261,52.46286,40.38935,38.58342,43.97634,33.19049,18:00:13 22 Sep 2017
Voters,9/21/2017,45.68006,51.88887,39.47125,36.44003,41.38982,31.49025,12:11:06 21 Sep 2017
Adults,9/21/2017,48.18649,54.15386,42.21911,41.9907,47.95807,36.02332,12:11:05 21 Sep 2017
All polls,9/21/2017,46.4261,52.46286,40.38935,38.58342,43.97634,33.19049,12:11:05 21 Sep 2017
Adults,9/20/2017,51,56.74466,45.25534,40,45.74466,34.25534,10:28:05 20 Sep 2017
Voters,9/20/2017,45.68006,51.88887,39.47125,36.44003,41.38982,31.49025,10:28:05 20 Sep 2017
All polls,9/20/2017,45.62556,51.79961,39.45152,36.44518,41.39128,31.49907,10:28:05 20 Sep 2017
Adults,9/19/2017,51,56.74466,45.25534,40,45.74466,34.25534,18:00:09 19 Sep 2017
Voters,9/19/2017,45.55633,51.85108,39.26159,36.0067,41.0785,30.93491,18:00:09 19 Sep 2017
All polls,9/19/2017,45.52708,51.76879,39.28536,36.037,41.09931,30.9747,18:00:09 19 Sep 2017
Voters,9/18/2017,45.55633,51.85108,39.26159,36.0067,41.0785,30.93491,18:00:10 18 Sep 2017
Adults,9/18/2017,51,56.74466,45.25534,40,45.74466,34.25534,18:00:10 18 Sep 2017
All polls,9/18/2017,45.52708,51.76879,39.28536,36.037,41.09931,30.9747,18:00:10 18 Sep 2017
Voters,9/17/2017,45.55633,51.85108,39.26159,36.0067,41.0785,30.93491,18:00:09 17 Sep 2017
Adults,9/17/2017,51,56.74466,45.25534,40,45.74466,34.25534,18:00:08 17 Sep 2017
All polls,9/17/2017,45.52708,51.76879,39.28536,36.037,41.09931,30.9747,18:00:08 17 Sep 2017
Adults,9/16/2017,51,56.74466,45.25534,40,45.74466,34.25534,18:00:09 16 Sep 2017
Voters,9/16/2017,45.55633,51.85108,39.26159,36.0067,41.0785,30.93491,18:00:09 16 Sep 2017
All polls,9/16/2017,45.52708,51.76879,39.28536,36.037,41.09931,30.9747,18:00:08 16 Sep 2017
Voters,9/15/2017,45.55633,51.85108,39.26159,36.0067,41.0785,30.93491,18:00:10 15 Sep 2017
Adults,9/15/2017,51,56.74466,45.25534,40,45.74466,34.25534,18:00:10 15 Sep 2017
All polls,9/15/2017,45.52708,51.76879,39.28536,36.037,41.09931,30.9747,18:00:09 15 Sep 2017
Adults,9/14/2017,51,56.74466,45.25534,40,45.74466,34.25534,18:00:09 14 Sep 2017
Voters,9/14/2017,45.55633,51.85108,39.26159,36.0067,41.0785,30.93491,18:00:10 14 Sep 2017
All polls,9/14/2017,45.52708,51.76879,39.28536,36.037,41.09931,30.9747,18:00:09 14 Sep 2017
Adults,9/13/2017,51,56.74466,45.25534,40,45.74466,34.25534,18:34:05 13 Sep 2017
Voters,9/13/2017,45.55633,51.85108,39.26159,36.0067,41.0785,30.93491,18:34:06 13 Sep 2017
All polls,9/13/2017,45.52708,51.76879,39.28536,36.037,41.09931,30.9747,18:34:05 13 Sep 2017
Voters,9/12/2017,46.07542,52.37282,39.77803,36.65303,41.3753,31.93077,18:00:09 12 Sep 2017
Adults,9/12/2017,51,56.74466,45.25534,40,45.74466,34.25534,18:00:09 12 Sep 2017
All polls,9/12/2017,46.05556,52.28274,39.82838,36.67204,41.3786,31.96547,18:00:09 12 Sep 2017
Voters,9/11/2017,46.07542,52.37282,39.77803,36.65303,41.3753,31.93077,18:00:09 11 Sep 2017
Adults,9/11/2017,51,56.74466,45.25534,40,45.74466,34.25534,18:00:09 11 Sep 2017
All polls,9/11/2017,46.05556,52.28274,39.82838,36.67204,41.3786,31.96547,18:00:08 11 Sep 2017
Adults,9/10/2017,51,56.74466,45.25534,40,45.74466,34.25534,18:00:08 10 Sep 2017
Voters,9/10/2017,46.07542,52.37282,39.77803,36.65303,41.3753,31.93077,18:00:09 10 Sep 2017
All polls,9/10/2017,46.05556,52.28274,39.82838,36.67204,41.3786,31.96547,18:00:08 10 Sep 2017
Voters,9/9/2017,46.07542,52.37282,39.77803,36.65303,41.3753,31.93077,18:00:08  9 Sep 2017
Adults,9/9/2017,51,56.74466,45.25534,40,45.74466,34.25534,18:00:08  9 Sep 2017
All polls,9/9/2017,46.05556,52.28274,39.82838,36.67204,41.3786,31.96547,18:00:08  9 Sep 2017
Voters,9/8/2017,46.07542,52.37282,39.77803,36.65303,41.3753,31.93077,18:00:10  8 Sep 2017
Adults,9/8/2017,51,56.74466,45.25534,40,45.74466,34.25534,18:00:10  8 Sep 2017
All polls,9/8/2017,46.05556,52.28274,39.82838,36.67204,41.3786,31.96547,18:00:09  8 Sep 2017
Adults,9/7/2017,51,56.74466,45.25534,40,45.74466,34.25534,01:22:05  7 Sep 2017
Voters,9/7/2017,46.07542,52.37282,39.77803,36.65303,41.3753,31.93077,01:22:06  7 Sep 2017
All polls,9/7/2017,46.05556,52.28274,39.82838,36.67204,41.3786,31.96547,01:22:05  7 Sep 2017
Voters,9/6/2017,45.87177,52.31301,39.43052,36.36451,41.17092,31.55811,14:12:06  6 Sep 2017
Adults,9/6/2017,51,56.74466,45.25534,40,45.74466,34.25534,14:12:05  6 Sep 2017
All polls,9/6/2017,45.86036,52.22585,39.49486,36.39029,41.18094,31.59965,14:12:05  6 Sep 2017
Voters,9/5/2017,46.18309,52.35743,40.00875,36.19651,40.72108,31.67194,18:00:09  5 Sep 2017
Adults,9/5/2017,51,56.74466,45.25534,40,45.74466,34.25534,18:00:09  5 Sep 2017
All polls,9/5/2017,46.17178,52.25347,40.09009,36.23232,40.74157,31.72307,18:00:08  5 Sep 2017
Adults,9/4/2017,51,56.74466,45.25534,40,45.74466,34.25534,18:00:09  4 Sep 2017
Voters,9/4/2017,46.18309,52.35743,40.00875,36.19651,40.72108,31.67194,18:00:09  4 Sep 2017
All polls,9/4/2017,46.17178,52.25347,40.09009,36.23232,40.74157,31.72307,18:00:09  4 Sep 2017
Voters,9/3/2017,46.18309,52.35743,40.00875,36.19651,40.72108,31.67194,18:00:09  3 Sep 2017
Adults,9/3/2017,51,56.74466,45.25534,40,45.74466,34.25534,18:00:08  3 Sep 2017
All polls,9/3/2017,46.17178,52.25347,40.09009,36.23232,40.74157,31.72307,18:00:08  3 Sep 2017
Adults,9/2/2017,51,56.74466,45.25534,40,45.74466,34.25534,18:00:09  2 Sep 2017
Voters,9/2/2017,46.18309,52.35743,40.00875,36.19651,40.72108,31.67194,18:00:09  2 Sep 2017
All polls,9/2/2017,46.17178,52.25347,40.09009,36.23232,40.74157,31.72307,18:00:09  2 Sep 2017
Voters,9/1/2017,46.18309,52.35743,40.00875,36.19651,40.72108,31.67194,18:00:08  1 Sep 2017
Adults,9/1/2017,51,56.74466,45.25534,40,45.74466,34.25534,18:00:08  1 Sep 2017
All polls,9/1/2017,46.17178,52.25347,40.09009,36.23232,40.74157,31.72307,18:00:08  1 Sep 2017
Adults,8/31/2017,51,56.74466,45.25534,40,45.74466,34.25534,18:00:09 31 Aug 2017
Voters,8/31/2017,46.18309,52.35743,40.00875,36.19651,40.72108,31.67194,18:00:09 31 Aug 2017
All polls,8/31/2017,46.17178,52.25347,40.09009,36.23232,40.74157,31.72307,18:00:09 31 Aug 2017
Adults,8/30/2017,51,56.74466,45.25534,40,45.74466,34.25534,17:48:05 30 Aug 2017
Voters,8/30/2017,46.18309,52.35743,40.00875,36.19651,40.72108,31.67194,17:48:06 30 Aug 2017
All polls,8/30/2017,46.17178,52.25347,40.09009,36.23232,40.74157,31.72307,17:48:05 30 Aug 2017
Voters,8/29/2017,46.86829,52.8172,40.91938,36.66381,40.95707,32.37055,18:00:09 29 Aug 2017
Adults,8/29/2017,51,56.74466,45.25534,40,45.74466,34.25534,18:00:09 29 Aug 2017
All polls,8/29/2017,46.86946,52.71939,41.01952,36.67489,40.94199,32.40778,18:00:09 29 Aug 2017
Adults,8/28/2017,51,56.74466,45.25534,40,45.74466,34.25534,18:00:10 28 Aug 2017
Voters,8/28/2017,46.86829,52.8172,40.91938,36.66381,40.95707,32.37055,18:00:10 28 Aug 2017
All polls,8/28/2017,46.86946,52.71939,41.01952,36.67489,40.94199,32.40778,18:00:09 28 Aug 2017
Adults,8/27/2017,51,56.74466,45.25534,40,45.74466,34.25534,18:00:08 27 Aug 2017
Voters,8/27/2017,46.86829,52.8172,40.91938,36.66381,40.95707,32.37055,18:00:08 27 Aug 2017
All polls,8/27/2017,46.86946,52.71939,41.01952,36.67489,40.94199,32.40778,18:00:08 27 Aug 2017
Voters,8/26/2017,46.86829,52.8172,40.91938,36.66381,40.95707,32.37055,18:00:08 26 Aug 2017
Adults,8/26/2017,51,56.74466,45.25534,40,45.74466,34.25534,18:00:08 26 Aug 2017
All polls,8/26/2017,46.86946,52.71939,41.01952,36.67489,40.94199,32.40778,18:00:08 26 Aug 2017
Voters,8/25/2017,46.86829,52.8172,40.91938,36.66381,40.95707,32.37055,18:00:10 25 Aug 2017
Adults,8/25/2017,51,56.74466,45.25534,40,45.74466,34.25534,18:00:10 25 Aug 2017
All polls,8/25/2017,46.86946,52.71939,41.01952,36.67489,40.94199,32.40778,18:00:09 25 Aug 2017
Adults,8/24/2017,51,56.74466,45.25534,40,45.74466,34.25534,12:33:06 24 Aug 2017
Voters,8/24/2017,46.86829,52.8172,40.91938,36.66381,40.95707,32.37055,12:33:06 24 Aug 2017
All polls,8/24/2017,46.86946,52.71939,41.01952,36.67489,40.94199,32.40778,12:33:05 24 Aug 2017
Voters,8/23/2017,46.67495,52.96733,40.38257,36.35497,41.0008,31.70914,11:06:07 23 Aug 2017
Adults,8/23/2017,51,56.74466,45.25534,40,45.74466,34.25534,11:06:06 23 Aug 2017
All polls,8/23/2017,46.69545,52.85699,40.53391,36.40849,41.01209,31.8049,11:06:06 23 Aug 2017
Adults,8/22/2017,51,56.74466,45.25534,40,45.74466,34.25534,18:00:08 22 Aug 2017
Voters,8/22/2017,46.95223,53.22018,40.68429,39.09237,43.58981,34.59494,18:00:08 22 Aug 2017
All polls,8/22/2017,46.92591,53.02762,40.8242,39.11958,43.53312,34.70603,18:00:07 22 Aug 2017
Adults,8/21/2017,51,56.74466,45.25534,40,45.74466,34.25534,18:00:08 21 Aug 2017
Voters,8/21/2017,46.95223,53.22018,40.68429,39.09237,43.58981,34.59494,18:00:09 21 Aug 2017
All polls,8/21/2017,46.92591,53.02762,40.8242,39.11958,43.53312,34.70603,18:00:08 21 Aug 2017
Voters,8/20/2017,46.95223,53.22018,40.68429,39.09237,43.58981,34.59494,18:00:09 20 Aug 2017
Adults,8/20/2017,51,56.74466,45.25534,40,45.74466,34.25534,18:00:09 20 Aug 2017
All polls,8/20/2017,46.92591,53.02762,40.8242,39.11958,43.53312,34.70603,18:00:08 20 Aug 2017
Voters,8/19/2017,46.95223,53.22018,40.68429,39.09237,43.58981,34.59494,18:00:09 19 Aug 2017
Adults,8/19/2017,51,56.74466,45.25534,40,45.74466,34.25534,18:00:08 19 Aug 2017
All polls,8/19/2017,46.92591,53.02762,40.8242,39.11958,43.53312,34.70603,18:00:08 19 Aug 2017
Adults,8/18/2017,51,56.74466,45.25534,40,45.74466,34.25534,18:00:09 18 Aug 2017
Voters,8/18/2017,46.95223,53.22018,40.68429,39.09237,43.58981,34.59494,18:00:09 18 Aug 2017
All polls,8/18/2017,46.92591,53.02762,40.8242,39.11958,43.53312,34.70603,18:00:08 18 Aug 2017
Voters,8/17/2017,46.95223,53.22018,40.68429,39.09237,43.58981,34.59494,12:14:06 17 Aug 2017
Adults,8/17/2017,51,56.74466,45.25534,40,45.74466,34.25534,12:14:06 17 Aug 2017
All polls,8/17/2017,46.92591,53.02762,40.8242,39.11958,43.53312,34.70603,12:14:06 17 Aug 2017
Voters,8/16/2017,47.15931,53.58163,40.73698,38.76912,43.52216,34.01607,16:24:06 16 Aug 2017
Adults,8/16/2017,51,56.74466,45.25534,40,45.74466,34.25534,16:24:06 16 Aug 2017
All polls,8/16/2017,47.13166,53.3429,40.92041,38.78841,43.44362,34.13321,16:24:06 16 Aug 2017
Adults,8/15/2017,51,56.74466,45.25534,40,45.74466,34.25534,22:09:05 15 Aug 2017
Voters,8/15/2017,47.13456,53.56807,40.70105,39.79068,44.28312,35.29823,22:09:05 15 Aug 2017
All polls,8/15/2017,47.11319,53.31066,40.91573,39.76858,44.14863,35.38853,22:09:05 15 Aug 2017
Voters,8/14/2017,47.39935,54.34448,40.45422,38.18847,42.84261,33.53434,09:40:07 14 Aug 2017
Adults,8/14/2017,51,56.74466,45.25534,40,45.74466,34.25534,09:40:07 14 Aug 2017
All polls,8/14/2017,47.25687,53.87956,40.63418,38.25614,42.79013,33.72215,09:40:07 14 Aug 2017
Voters,8/13/2017,47.39935,54.34448,40.45422,38.18847,42.84261,33.53434,18:00:07 13 Aug 2017
Adults,8/13/2017,51,57.66456,44.33544,40,46.66456,33.33544,18:00:07 13 Aug 2017
All polls,8/13/2017,47.39935,54.34448,40.45422,38.18847,42.84261,33.53434,18:00:07 13 Aug 2017
Adults,8/12/2017,51,57.66456,44.33544,40,46.66456,33.33544,18:00:09 12 Aug 2017
Voters,8/12/2017,47.39935,54.34448,40.45422,38.18847,42.84261,33.53434,18:00:09 12 Aug 2017
All polls,8/12/2017,47.39935,54.34448,40.45422,38.18847,42.84261,33.53434,18:00:09 12 Aug 2017
Voters,8/11/2017,47.39935,54.34448,40.45422,38.18847,42.84261,33.53434,18:00:09 11 Aug 2017
Adults,8/11/2017,51,57.66456,44.33544,40,46.66456,33.33544,18:00:08 11 Aug 2017
All polls,8/11/2017,47.39935,54.34448,40.45422,38.18847,42.84261,33.53434,18:00:08 11 Aug 2017
Voters,8/10/2017,47.39935,54.34448,40.45422,38.18847,42.84261,33.53434,14:44:16 10 Aug 2017
Adults,8/10/2017,51,57.66456,44.33544,40,46.66456,33.33544,14:44:15 10 Aug 2017
All polls,8/10/2017,47.39935,54.34448,40.45422,38.18847,42.84261,33.53434,14:44:15 10 Aug 2017
Voters,8/9/2017,46.53399,53.56409,39.50389,37.11166,41.52953,32.69379,14:53:06  9 Aug 2017
Adults,8/9/2017,50,56.06165,43.93835,41,47.06165,34.93835,14:53:05  9 Aug 2017
All polls,8/9/2017,46.53399,53.56409,39.50389,37.11166,41.52953,32.69379,14:53:05  9 Aug 2017
Adults,8/8/2017,50,56.06165,43.93835,41,47.06165,34.93835,18:00:09  8 Aug 2017
Voters,8/8/2017,47.58647,54.49408,40.67886,37.51467,41.87917,33.15017,18:00:10  8 Aug 2017
All polls,8/8/2017,47.58647,54.49408,40.67886,37.51467,41.87917,33.15017,18:00:09  8 Aug 2017
Adults,8/7/2017,50,56.06165,43.93835,41,47.06165,34.93835,18:00:08  7 Aug 2017
Voters,8/7/2017,47.58647,54.49408,40.67886,37.51467,41.87917,33.15017,18:00:09  7 Aug 2017
All polls,8/7/2017,47.58647,54.49408,40.67886,37.51467,41.87917,33.15017,18:00:08  7 Aug 2017
Voters,8/6/2017,47.58647,54.49408,40.67886,37.51467,41.87917,33.15017,18:00:07  6 Aug 2017
Adults,8/6/2017,50,56.06165,43.93835,41,47.06165,34.93835,18:00:07  6 Aug 2017
All polls,8/6/2017,47.58647,54.49408,40.67886,37.51467,41.87917,33.15017,18:00:07  6 Aug 2017
Adults,8/5/2017,50,56.06165,43.93835,41,47.06165,34.93835,18:00:07  5 Aug 2017
Voters,8/5/2017,47.58647,54.49408,40.67886,37.51467,41.87917,33.15017,18:00:08  5 Aug 2017
All polls,8/5/2017,47.58647,54.49408,40.67886,37.51467,41.87917,33.15017,18:00:07  5 Aug 2017
Adults,8/4/2017,50,56.06165,43.93835,41,47.06165,34.93835,18:00:08  4 Aug 2017
Voters,8/4/2017,47.58647,54.49408,40.67886,37.51467,41.87917,33.15017,18:00:08  4 Aug 2017
All polls,8/4/2017,47.58647,54.49408,40.67886,37.51467,41.87917,33.15017,18:00:08  4 Aug 2017
Voters,8/3/2017,47.58647,54.49408,40.67886,37.51467,41.87917,33.15017,13:00:10  3 Aug 2017
Adults,8/3/2017,50,56.06165,43.93835,41,47.06165,34.93835,13:00:10  3 Aug 2017
All polls,8/3/2017,47.58647,54.49408,40.67886,37.51467,41.87917,33.15017,13:00:10  3 Aug 2017
Voters,8/2/2017,45.86686,52.5864,39.14733,37.72041,42.43818,33.00264,10:37:07  2 Aug 2017
Adults,8/2/2017,50,56.06165,43.93835,41,47.06165,34.93835,10:37:06  2 Aug 2017
All polls,8/2/2017,45.86686,52.5864,39.14733,37.72041,42.43818,33.00264,10:37:06  2 Aug 2017
Adults,8/1/2017,50,56.06165,43.93835,41,47.06165,34.93835,18:00:09  1 Aug 2017
Voters,8/1/2017,46.23051,52.85396,39.60706,38.40299,42.9666,33.83938,18:00:10  1 Aug 2017
All polls,8/1/2017,46.23051,52.85396,39.60706,38.40299,42.9666,33.83938,18:00:09  1 Aug 2017
Voters,7/31/2017,46.23051,52.85396,39.60706,38.40299,42.9666,33.83938,18:00:09 31 Jul 2017
Adults,7/31/2017,50,56.06165,43.93835,41,47.06165,34.93835,18:00:09 31 Jul 2017
All polls,7/31/2017,46.23051,52.85396,39.60706,38.40299,42.9666,33.83938,18:00:09 31 Jul 2017
Adults,7/30/2017,50,56.06165,43.93835,41,47.06165,34.93835,18:00:07 30 Jul 2017
Voters,7/30/2017,46.23051,52.85396,39.60706,38.40299,42.9666,33.83938,18:00:07 30 Jul 2017
All polls,7/30/2017,46.23051,52.85396,39.60706,38.40299,42.9666,33.83938,18:00:07 30 Jul 2017
Adults,7/29/2017,50,56.06165,43.93835,41,47.06165,34.93835,18:00:09 29 Jul 2017
Voters,7/29/2017,46.23051,52.85396,39.60706,38.40299,42.9666,33.83938,18:00:09 29 Jul 2017
All polls,7/29/2017,46.23051,52.85396,39.60706,38.40299,42.9666,33.83938,18:00:09 29 Jul 2017
Voters,7/28/2017,46.23051,52.85396,39.60706,38.40299,42.9666,33.83938,18:00:09 28 Jul 2017
Adults,7/28/2017,50,56.06165,43.93835,41,47.06165,34.93835,18:00:09 28 Jul 2017
All polls,7/28/2017,46.23051,52.85396,39.60706,38.40299,42.9666,33.83938,18:00:09 28 Jul 2017
Voters,7/27/2017,46.23051,52.85396,39.60706,38.40299,42.9666,33.83938,18:00:08 27 Jul 2017
Adults,7/27/2017,50,56.06165,43.93835,41,47.06165,34.93835,18:00:08 27 Jul 2017
All polls,7/27/2017,46.23051,52.85396,39.60706,38.40299,42.9666,33.83938,18:00:08 27 Jul 2017
Adults,7/26/2017,50,56.06165,43.93835,41,47.06165,34.93835,10:15:07 26 Jul 2017
Voters,7/26/2017,46.23051,52.85396,39.60706,38.40299,42.9666,33.83938,10:15:08 26 Jul 2017
All polls,7/26/2017,46.23051,52.85396,39.60706,38.40299,42.9666,33.83938,10:15:07 26 Jul 2017
Voters,7/25/2017,48.00823,54.44132,41.57514,38.35847,42.81903,33.8979,18:00:11 25 Jul 2017
Adults,7/25/2017,50,56.06165,43.93835,41,47.06165,34.93835,18:00:11 25 Jul 2017
All polls,7/25/2017,48.00823,54.44132,41.57514,38.35847,42.81903,33.8979,18:00:11 25 Jul 2017
Voters,7/24/2017,48.00823,54.44132,41.57514,38.35847,42.81903,33.8979,18:00:09 24 Jul 2017
Adults,7/24/2017,50,56.06165,43.93835,41,47.06165,34.93835,18:00:09 24 Jul 2017
All polls,7/24/2017,48.00823,54.44132,41.57514,38.35847,42.81903,33.8979,18:00:09 24 Jul 2017
Adults,7/23/2017,50,56.06165,43.93835,41,47.06165,34.93835,18:00:09 23 Jul 2017
Voters,7/23/2017,48.00823,54.44132,41.57514,38.35847,42.81903,33.8979,18:00:09 23 Jul 2017
All polls,7/23/2017,48.00823,54.44132,41.57514,38.35847,42.81903,33.8979,18:00:09 23 Jul 2017
Voters,7/22/2017,48.00823,54.44132,41.57514,38.35847,42.81903,33.8979,18:00:09 22 Jul 2017
Adults,7/22/2017,50,56.06165,43.93835,41,47.06165,34.93835,18:00:09 22 Jul 2017
All polls,7/22/2017,48.00823,54.44132,41.57514,38.35847,42.81903,33.8979,18:00:09 22 Jul 2017
Voters,7/21/2017,48.00823,54.44132,41.57514,38.35847,42.81903,33.8979,18:00:10 21 Jul 2017
Adults,7/21/2017,50,56.06165,43.93835,41,47.06165,34.93835,18:00:10 21 Jul 2017
All polls,7/21/2017,48.00823,54.44132,41.57514,38.35847,42.81903,33.8979,18:00:10 21 Jul 2017
Adults,7/20/2017,50,56.06165,43.93835,41,47.06165,34.93835,18:00:08 20 Jul 2017
Voters,7/20/2017,48.00823,54.44132,41.57514,38.35847,42.81903,33.8979,18:00:09 20 Jul 2017
All polls,7/20/2017,48.00823,54.44132,41.57514,38.35847,42.81903,33.8979,18:00:08 20 Jul 2017
Voters,7/19/2017,48.00823,54.44132,41.57514,38.35847,42.81903,33.8979,15:16:06 19 Jul 2017
Adults,7/19/2017,50,56.06165,43.93835,41,47.06165,34.93835,15:16:06 19 Jul 2017
All polls,7/19/2017,48.00823,54.44132,41.57514,38.35847,42.81903,33.8979,15:16:06 19 Jul 2017
Voters,7/18/2017,47.28831,53.61659,40.96003,38.69525,43.43374,33.95676,12:20:08 18 Jul 2017
Adults,7/18/2017,50,56.06165,43.93835,41,47.06165,34.93835,12:20:08 18 Jul 2017
All polls,7/18/2017,47.28831,53.61659,40.96003,38.69525,43.43374,33.95676,12:20:08 18 Jul 2017
Voters,7/17/2017,45.21564,51.49594,38.93534,37.88126,42.68543,33.07708,18:00:10 17 Jul 2017
Adults,7/17/2017,50,56.06165,43.93835,41,47.06165,34.93835,18:00:10 17 Jul 2017
All polls,7/17/2017,45.21564,51.49594,38.93534,37.88126,42.68543,33.07708,18:00:10 17 Jul 2017
Adults,7/16/2017,50,56.06165,43.93835,41,47.06165,34.93835,18:00:07 16 Jul 2017
Voters,7/16/2017,45.21564,51.49594,38.93534,37.88126,42.68543,33.07708,18:00:07 16 Jul 2017
All polls,7/16/2017,45.21564,51.49594,38.93534,37.88126,42.68543,33.07708,18:00:07 16 Jul 2017
Adults,7/15/2017,50,56.06165,43.93835,41,47.06165,34.93835,18:00:08 15 Jul 2017
Voters,7/15/2017,45.21564,51.49594,38.93534,37.88126,42.68543,33.07708,18:00:08 15 Jul 2017
All polls,7/15/2017,45.21564,51.49594,38.93534,37.88126,42.68543,33.07708,18:00:08 15 Jul 2017
Voters,7/14/2017,45.21564,51.49594,38.93534,37.88126,42.68543,33.07708,18:00:09 14 Jul 2017
Adults,7/14/2017,50,56.06165,43.93835,41,47.06165,34.93835,18:00:08 14 Jul 2017
All polls,7/14/2017,45.21564,51.49594,38.93534,37.88126,42.68543,33.07708,18:00:08 14 Jul 2017
Voters,7/13/2017,45.21564,51.49594,38.93534,37.88126,42.68543,33.07708,18:00:10 13 Jul 2017
Adults,7/13/2017,50,56.06165,43.93835,41,47.06165,34.93835,18:00:10 13 Jul 2017
All polls,7/13/2017,45.21564,51.49594,38.93534,37.88126,42.68543,33.07708,18:00:10 13 Jul 2017
Voters,7/12/2017,45.21564,51.49594,38.93534,37.88126,42.68543,33.07708,11:41:05 12 Jul 2017
Adults,7/12/2017,50,56.06165,43.93835,41,47.06165,34.93835,11:41:05 12 Jul 2017
All polls,7/12/2017,45.21564,51.49594,38.93534,37.88126,42.68543,33.07708,11:41:05 12 Jul 2017
Adults,7/11/2017,50,56.06165,43.93835,41,47.06165,34.93835,18:00:08 11 Jul 2017
Voters,7/11/2017,45.69551,51.9667,39.42433,39.22354,43.54902,34.89806,18:00:09 11 Jul 2017
All polls,7/11/2017,45.69551,51.9667,39.42433,39.22354,43.54902,34.89806,18:00:08 11 Jul 2017
Adults,7/10/2017,50,56.06165,43.93835,41,47.06165,34.93835,18:00:09 10 Jul 2017
Voters,7/10/2017,45.69551,51.9667,39.42433,39.22354,43.54902,34.89806,18:00:09 10 Jul 2017
All polls,7/10/2017,45.69551,51.9667,39.42433,39.22354,43.54902,34.89806,18:00:09 10 Jul 2017
Voters,7/9/2017,45.69551,51.9667,39.42433,39.22354,43.54902,34.89806,18:00:08  9 Jul 2017
Adults,7/9/2017,50,56.06165,43.93835,41,47.06165,34.93835,18:00:08  9 Jul 2017
All polls,7/9/2017,45.69551,51.9667,39.42433,39.22354,43.54902,34.89806,18:00:08  9 Jul 2017
Adults,7/8/2017,50,56.06165,43.93835,41,47.06165,34.93835,18:00:08  8 Jul 2017
Voters,7/8/2017,45.69551,51.9667,39.42433,39.22354,43.54902,34.89806,18:00:08  8 Jul 2017
All polls,7/8/2017,45.69551,51.9667,39.42433,39.22354,43.54902,34.89806,18:00:08  8 Jul 2017
Voters,7/7/2017,45.69551,51.9667,39.42433,39.22354,43.54902,34.89806,18:00:11  7 Jul 2017
Adults,7/7/2017,50,56.06165,43.93835,41,47.06165,34.93835,18:00:11  7 Jul 2017
All polls,7/7/2017,45.69551,51.9667,39.42433,39.22354,43.54902,34.89806,18:00:11  7 Jul 2017
Adults,7/6/2017,50,56.06165,43.93835,41,47.06165,34.93835,18:00:09  6 Jul 2017
Voters,7/6/2017,45.69551,51.9667,39.42433,39.22354,43.54902,34.89806,18:00:10  6 Jul 2017
All polls,7/6/2017,45.69551,51.9667,39.42433,39.22354,43.54902,34.89806,18:00:09  6 Jul 2017
Adults,7/5/2017,50,56.06165,43.93835,41,47.06165,34.93835,09:41:05  5 Jul 2017
Voters,7/5/2017,45.69551,51.9667,39.42433,39.22354,43.54902,34.89806,09:41:05  5 Jul 2017
All polls,7/5/2017,45.69551,51.9667,39.42433,39.22354,43.54902,34.89806,09:41:05  5 Jul 2017
Voters,7/4/2017,47.37918,53.12543,41.63293,39.87033,43.98703,35.75364,18:00:08  4 Jul 2017
Adults,7/4/2017,50,56.06165,43.93835,41,47.06165,34.93835,18:00:07  4 Jul 2017
All polls,7/4/2017,47.37918,53.12543,41.63293,39.87033,43.98703,35.75364,18:00:07  4 Jul 2017
Adults,7/3/2017,50,56.06165,43.93835,41,47.06165,34.93835,18:00:08  3 Jul 2017
Voters,7/3/2017,47.37918,53.12543,41.63293,39.87033,43.98703,35.75364,18:00:08  3 Jul 2017
All polls,7/3/2017,47.37918,53.12543,41.63293,39.87033,43.98703,35.75364,18:00:08  3 Jul 2017
Adults,7/2/2017,50,56.06165,43.93835,41,47.06165,34.93835,18:00:08  2 Jul 2017
Voters,7/2/2017,47.37918,53.12543,41.63293,39.87033,43.98703,35.75364,18:00:08  2 Jul 2017
All polls,7/2/2017,47.37918,53.12543,41.63293,39.87033,43.98703,35.75364,18:00:08  2 Jul 2017
Voters,7/1/2017,47.37918,53.12543,41.63293,39.87033,43.98703,35.75364,18:00:08  1 Jul 2017
Adults,7/1/2017,50,56.06165,43.93835,41,47.06165,34.93835,18:00:07  1 Jul 2017
All polls,7/1/2017,47.37918,53.12543,41.63293,39.87033,43.98703,35.75364,18:00:07  1 Jul 2017
Voters,6/30/2017,47.37918,53.12543,41.63293,39.87033,43.98703,35.75364,18:00:09 30 Jun 2017
Adults,6/30/2017,50,56.06165,43.93835,41,47.06165,34.93835,18:00:09 30 Jun 2017
All polls,6/30/2017,47.37918,53.12543,41.63293,39.87033,43.98703,35.75364,18:00:09 30 Jun 2017
Adults,6/29/2017,50,56.06165,43.93835,41,47.06165,34.93835,17:02:05 29 Jun 2017
Voters,6/29/2017,47.37918,53.12543,41.63293,39.87033,43.98703,35.75364,17:02:06 29 Jun 2017
All polls,6/29/2017,47.37918,53.12543,41.63293,39.87033,43.98703,35.75364,17:02:05 29 Jun 2017
Voters,6/28/2017,46.82947,52.55834,41.10061,39.43394,43.61401,35.25387,20:12:06 28 Jun 2017
Adults,6/28/2017,50,56.06165,43.93835,41,47.06165,34.93835,20:12:05 28 Jun 2017
All polls,6/28/2017,46.82947,52.55834,41.10061,39.43394,43.61401,35.25387,20:12:05 28 Jun 2017
All polls,6/27/2017,46.97281,53.64653,40.29908,39.60356,44.06811,35.139,18:00:07 27 Jun 2017
Adults,6/27/2017,50,56.07108,43.92892,42,48.07108,35.92892,18:00:08 27 Jun 2017
Voters,6/27/2017,45.042,51.88324,38.20076,38.28214,42.45084,34.11344,18:00:08 27 Jun 2017
Voters,6/26/2017,45.042,51.88324,38.20076,38.28214,42.45084,34.11344,18:00:09 26 Jun 2017
Adults,6/26/2017,50,56.07108,43.92892,42,48.07108,35.92892,18:00:08 26 Jun 2017
All polls,6/26/2017,46.97281,53.64653,40.29908,39.60356,44.06811,35.139,18:00:08 26 Jun 2017
Adults,6/25/2017,50,56.07108,43.92892,42,48.07108,35.92892,18:00:09 25 Jun 2017
Voters,6/25/2017,45.042,51.88324,38.20076,38.28214,42.45084,34.11344,18:00:09 25 Jun 2017
All polls,6/25/2017,46.97281,53.64653,40.29908,39.60356,44.06811,35.139,18:00:09 25 Jun 2017
Adults,6/24/2017,50,56.07108,43.92892,42,48.07108,35.92892,18:00:08 24 Jun 2017
Voters,6/24/2017,45.042,51.88324,38.20076,38.28214,42.45084,34.11344,18:00:08 24 Jun 2017
All polls,6/24/2017,46.97281,53.64653,40.29908,39.60356,44.06811,35.139,18:00:08 24 Jun 2017
Voters,6/23/2017,45.042,51.88324,38.20076,38.28214,42.45084,34.11344,18:00:09 23 Jun 2017
Adults,6/23/2017,50,56.07108,43.92892,42,48.07108,35.92892,18:00:09 23 Jun 2017
All polls,6/23/2017,46.97281,53.64653,40.29908,39.60356,44.06811,35.139,18:00:09 23 Jun 2017
Adults,6/22/2017,50,56.07108,43.92892,42,48.07108,35.92892,18:30:08 22 Jun 2017
Voters,6/22/2017,45.042,51.88324,38.20076,38.28214,42.45084,34.11344,18:30:08 22 Jun 2017
All polls,6/22/2017,46.97281,53.64653,40.29908,39.60356,44.06811,35.139,18:30:07 22 Jun 2017
Adults,6/21/2017,50,56.06165,43.93835,41,47.06165,34.93835,13:14:05 21 Jun 2017
Voters,6/21/2017,45.042,51.88324,38.20076,38.28214,42.45084,34.11344,13:14:05 21 Jun 2017
All polls,6/21/2017,45.042,51.88324,38.20076,38.28214,42.45084,34.11344,13:14:05 21 Jun 2017
Voters,6/20/2017,46.22879,52.9069,39.55068,39.32233,43.49383,35.15083,18:00:09 20 Jun 2017
Adults,6/20/2017,50,56.06165,43.93835,41,47.06165,34.93835,18:00:08 20 Jun 2017
All polls,6/20/2017,46.22879,52.9069,39.55068,39.32233,43.49383,35.15083,18:00:08 20 Jun 2017
Voters,6/19/2017,46.22879,52.9069,39.55068,39.32233,43.49383,35.15083,18:00:10 19 Jun 2017
Adults,6/19/2017,50,56.06165,43.93835,41,47.06165,34.93835,18:00:10 19 Jun 2017
All polls,6/19/2017,46.22879,52.9069,39.55068,39.32233,43.49383,35.15083,18:00:10 19 Jun 2017
Adults,6/18/2017,50,56.06165,43.93835,41,47.06165,34.93835,18:00:07 18 Jun 2017
Voters,6/18/2017,46.22879,52.9069,39.55068,39.32233,43.49383,35.15083,18:00:08 18 Jun 2017
All polls,6/18/2017,46.22879,52.9069,39.55068,39.32233,43.49383,35.15083,18:00:07 18 Jun 2017
Voters,6/17/2017,46.22879,52.9069,39.55068,39.32233,43.49383,35.15083,18:00:09 17 Jun 2017
Adults,6/17/2017,50,56.06165,43.93835,41,47.06165,34.93835,18:00:09 17 Jun 2017
All polls,6/17/2017,46.22879,52.9069,39.55068,39.32233,43.49383,35.15083,18:00:09 17 Jun 2017
Adults,6/16/2017,50,56.06165,43.93835,41,47.06165,34.93835,18:00:09 16 Jun 2017
Voters,6/16/2017,46.22879,52.9069,39.55068,39.32233,43.49383,35.15083,18:00:10 16 Jun 2017
All polls,6/16/2017,46.22879,52.9069,39.55068,39.32233,43.49383,35.15083,18:00:09 16 Jun 2017
Voters,6/15/2017,46.22879,52.9069,39.55068,39.32233,43.49383,35.15083,11:01:05 15 Jun 2017
Adults,6/15/2017,50,56.06165,43.93835,41,47.06165,34.93835,11:01:05 15 Jun 2017
All polls,6/15/2017,46.22879,52.9069,39.55068,39.32233,43.49383,35.15083,11:01:05 15 Jun 2017
Adults,6/14/2017,50,56.06165,43.93835,41,47.06165,34.93835,11:20:07 14 Jun 2017
Voters,6/14/2017,46.48969,53.26292,39.71646,39.30708,43.56178,35.05239,11:20:07 14 Jun 2017
All polls,6/14/2017,46.48969,53.26292,39.71646,39.30708,43.56178,35.05239,11:20:07 14 Jun 2017
Adults,6/13/2017,50,56.06165,43.93835,41,47.06165,34.93835,18:00:09 13 Jun 2017
Voters,6/13/2017,48.20831,54.65656,41.76006,39.45449,43.75881,35.15018,18:00:10 13 Jun 2017
All polls,6/13/2017,48.20831,54.65656,41.76006,39.45449,43.75881,35.15018,18:00:09 13 Jun 2017
Voters,6/12/2017,48.20831,54.65656,41.76006,39.45449,43.75881,35.15018,16:40:07 12 Jun 2017
Adults,6/12/2017,50,56.06165,43.93835,41,47.06165,34.93835,16:40:07 12 Jun 2017
All polls,6/12/2017,48.20831,54.65656,41.76006,39.45449,43.75881,35.15018,16:40:07 12 Jun 2017
All polls,6/11/2017,46.74075,53.28943,40.19208,39.05006,43.42159,34.67854,18:00:08 11 Jun 2017
Adults,6/11/2017,50,56.06165,43.93835,41,47.06165,34.93835,18:00:08 11 Jun 2017
Voters,6/11/2017,46.74075,53.28943,40.19208,39.05006,43.42159,34.67854,18:00:08 11 Jun 2017
Adults,6/10/2017,50,56.06165,43.93835,41,47.06165,34.93835,18:00:08 10 Jun 2017
Voters,6/10/2017,46.74075,53.28943,40.19208,39.05006,43.42159,34.67854,18:00:09 10 Jun 2017
All polls,6/10/2017,46.74075,53.28943,40.19208,39.05006,43.42159,34.67854,18:00:08 10 Jun 2017
Voters,6/9/2017,46.74075,53.28943,40.19208,39.05006,43.42159,34.67854,18:00:10  9 Jun 2017
Adults,6/9/2017,50,56.06165,43.93835,41,47.06165,34.93835,18:00:10  9 Jun 2017
All polls,6/9/2017,46.74075,53.28943,40.19208,39.05006,43.42159,34.67854,18:00:10  9 Jun 2017
Adults,6/8/2017,50,56.06165,43.93835,41,47.06165,34.93835,11:15:07  8 Jun 2017
Voters,6/8/2017,46.74075,53.28943,40.19208,39.05006,43.42159,34.67854,11:15:07  8 Jun 2017
All polls,6/8/2017,46.74075,53.28943,40.19208,39.05006,43.42159,34.67854,11:15:07  8 Jun 2017
All polls,6/7/2017,44.50682,50.83942,38.17423,38.44827,43.16547,33.73106,10:13:05  7 Jun 2017
Adults,6/7/2017,50,56.06165,43.93835,41,47.06165,34.93835,10:13:05  7 Jun 2017
Voters,6/7/2017,44.50682,50.83942,38.17423,38.44827,43.16547,33.73106,10:13:05  7 Jun 2017
Adults,6/6/2017,50,56.06165,43.93835,41,47.06165,34.93835,18:00:07  6 Jun 2017
Voters,6/6/2017,44.09799,50.59592,37.60006,36.94631,41.88086,32.01176,18:00:08  6 Jun 2017
All polls,6/6/2017,44.09799,50.59592,37.60006,36.94631,41.88086,32.01176,18:00:07  6 Jun 2017
Adults,6/5/2017,50,56.06165,43.93835,41,47.06165,34.93835,12:11:14  5 Jun 2017
Voters,6/5/2017,44.09799,50.59592,37.60006,36.94631,41.88086,32.01176,12:11:15  5 Jun 2017
All polls,6/5/2017,44.09799,50.59592,37.60006,36.94631,41.88086,32.01176,12:11:07  5 Jun 2017
Voters,6/4/2017,44.09799,50.59592,37.60006,36.94631,41.88086,32.01176,12:11:15  5 Jun 2017
All polls,6/4/2017,44.09799,50.59592,37.60006,36.94631,41.88086,32.01176,12:11:07  5 Jun 2017
Adults,6/4/2017,50,56.06165,43.93835,41,47.06165,34.93835,12:11:14  5 Jun 2017
All polls,6/3/2017,44.09799,50.59592,37.60006,36.94631,41.88086,32.01176,12:11:07  5 Jun 2017
Adults,6/3/2017,50,56.06165,43.93835,41,47.06165,34.93835,12:11:14  5 Jun 2017
Voters,6/3/2017,44.09799,50.59592,37.60006,36.94631,41.88086,32.01176,12:11:15  5 Jun 2017
Voters,6/2/2017,44.09799,50.59592,37.60006,36.94631,41.88086,32.01176,12:11:15  5 Jun 2017
All polls,6/2/2017,44.09799,50.59592,37.60006,36.94631,41.88086,32.01176,12:11:07  5 Jun 2017
Adults,6/2/2017,50,56.06165,43.93835,41,47.06165,34.93835,12:11:14  5 Jun 2017
All polls,6/1/2017,44.09799,50.59592,37.60006,36.94631,41.88086,32.01176,12:11:08  5 Jun 2017
Voters,6/1/2017,44.09799,50.59592,37.60006,36.94631,41.88086,32.01176,12:11:15  5 Jun 2017
Adults,6/1/2017,50,56.06165,43.93835,41,47.06165,34.93835,12:11:14  5 Jun 2017
All polls,5/31/2017,44.09799,50.59592,37.60006,36.94631,41.88086,32.01176,12:11:08  5 Jun 2017
Voters,5/31/2017,44.09799,50.59592,37.60006,36.94631,41.88086,32.01176,12:11:16  5 Jun 2017
Adults,5/31/2017,50,56.06165,43.93835,41,47.06165,34.93835,12:11:14  5 Jun 2017
Voters,5/30/2017,44.65054,51.1489,38.15217,37.21521,41.95597,32.47445,12:11:16  5 Jun 2017
All polls,5/30/2017,44.65054,51.1489,38.15217,37.21521,41.95597,32.47445,12:11:08  5 Jun 2017
Adults,5/30/2017,50,56.06165,43.93835,41,47.06165,34.93835,12:11:14  5 Jun 2017
Adults,5/29/2017,50,56.06165,43.93835,41,47.06165,34.93835,12:11:14  5 Jun 2017
Voters,5/29/2017,44.65054,51.1489,38.15217,37.21521,41.95597,32.47445,12:11:16  5 Jun 2017
All polls,5/29/2017,44.65054,51.1489,38.15217,37.21521,41.95597,32.47445,12:11:08  5 Jun 2017
Adults,5/28/2017,50,56.06165,43.93835,41,47.06165,34.93835,12:11:14  5 Jun 2017
All polls,5/28/2017,44.65054,51.1489,38.15217,37.21521,41.95597,32.47445,12:11:08  5 Jun 2017
Voters,5/28/2017,44.65054,51.1489,38.15217,37.21521,41.95597,32.47445,12:11:16  5 Jun 2017
Voters,5/27/2017,44.65054,51.1489,38.15217,37.21521,41.95597,32.47445,12:11:16  5 Jun 2017
All polls,5/27/2017,44.65054,51.1489,38.15217,37.21521,41.95597,32.47445,12:11:08  5 Jun 2017
Adults,5/27/2017,50,56.06165,43.93835,41,47.06165,34.93835,12:11:14  5 Jun 2017
Adults,5/26/2017,50,56.06165,43.93835,41,47.06165,34.93835,12:11:14  5 Jun 2017
Voters,5/26/2017,44.65054,51.1489,38.15217,37.21521,41.95597,32.47445,12:11:16  5 Jun 2017
All polls,5/26/2017,44.65054,51.1489,38.15217,37.21521,41.95597,32.47445,12:11:09  5 Jun 2017
Adults,5/25/2017,50,56.06165,43.93835,41,47.06165,34.93835,12:11:14  5 Jun 2017
Voters,5/25/2017,44.65054,51.1489,38.15217,37.21521,41.95597,32.47445,12:11:17  5 Jun 2017
All polls,5/25/2017,44.65054,51.1489,38.15217,37.21521,41.95597,32.47445,12:11:09  5 Jun 2017
All polls,5/24/2017,44.65054,51.1489,38.15217,37.21521,41.95597,32.47445,12:11:09  5 Jun 2017
Adults,5/24/2017,50,56.06165,43.93835,41,47.06165,34.93835,12:11:14  5 Jun 2017
Voters,5/24/2017,44.65054,51.1489,38.15217,37.21521,41.95597,32.47445,12:11:17  5 Jun 2017
Voters,5/23/2017,46.15958,52.45463,39.86452,36.42906,41.25539,31.60273,12:11:17  5 Jun 2017
Adults,5/23/2017,50,56.06165,43.93835,41,47.06165,34.93835,12:11:14  5 Jun 2017
All polls,5/23/2017,46.15958,52.45463,39.86452,36.42906,41.25539,31.60273,12:11:09  5 Jun 2017
Adults,5/22/2017,50,56.06165,43.93835,41,47.06165,34.93835,12:11:14  5 Jun 2017
Voters,5/22/2017,46.58834,52.81095,40.36574,36.23383,41.03978,31.42788,12:11:17  5 Jun 2017
All polls,5/22/2017,46.58834,52.81095,40.36574,36.23383,41.03978,31.42788,12:11:09  5 Jun 2017
All polls,5/21/2017,46.58834,52.81095,40.36574,36.23383,41.03978,31.42788,12:11:09  5 Jun 2017
Voters,5/21/2017,46.58834,52.81095,40.36574,36.23383,41.03978,31.42788,12:11:17  5 Jun 2017
Adults,5/21/2017,50,56.06165,43.93835,41,47.06165,34.93835,12:11:14  5 Jun 2017
Adults,5/20/2017,50,56.06165,43.93835,41,47.06165,34.93835,12:11:14  5 Jun 2017
Voters,5/20/2017,46.58834,52.81095,40.36574,36.23383,41.03978,31.42788,12:11:17  5 Jun 2017
All polls,5/20/2017,46.58834,52.81095,40.36574,36.23383,41.03978,31.42788,12:11:09  5 Jun 2017
Voters,5/19/2017,46.58834,52.81095,40.36574,36.23383,41.03978,31.42788,12:11:17  5 Jun 2017
Adults,5/19/2017,50,56.06165,43.93835,41,47.06165,34.93835,12:11:14  5 Jun 2017
All polls,5/19/2017,46.58834,52.81095,40.36574,36.23383,41.03978,31.42788,12:11:10  5 Jun 2017
All polls,5/18/2017,46.58834,52.81095,40.36574,36.23383,41.03978,31.42788,12:11:10  5 Jun 2017
Voters,5/18/2017,46.58834,52.81095,40.36574,36.23383,41.03978,31.42788,12:11:18  5 Jun 2017
Adults,5/18/2017,50,56.06165,43.93835,41,47.06165,34.93835,12:11:14  5 Jun 2017
Adults,5/17/2017,50,56.06165,43.93835,41,47.06165,34.93835,12:11:14  5 Jun 2017
All polls,5/17/2017,46.58834,52.81095,40.36574,36.23383,41.03978,31.42788,12:11:10  5 Jun 2017
Voters,5/17/2017,46.58834,52.81095,40.36574,36.23383,41.03978,31.42788,12:11:18  5 Jun 2017
Voters,5/16/2017,47.75057,53.92096,41.58018,36.87933,41.47512,32.28354,12:11:18  5 Jun 2017
Adults,5/16/2017,50,56.06165,43.93835,41,47.06165,34.93835,12:11:14  5 Jun 2017
All polls,5/16/2017,47.75057,53.92096,41.58018,36.87933,41.47512,32.28354,12:11:10  5 Jun 2017
Voters,5/15/2017,47.75057,53.92096,41.58018,36.87933,41.47512,32.28354,12:11:18  5 Jun 2017
Adults,5/15/2017,50,56.06165,43.93835,41,47.06165,34.93835,12:11:14  5 Jun 2017
All polls,5/15/2017,47.75057,53.92096,41.58018,36.87933,41.47512,32.28354,12:11:10  5 Jun 2017
Voters,5/14/2017,47.6331,53.92883,41.33736,37.41701,42.11126,32.72276,12:11:18  5 Jun 2017
All polls,5/14/2017,47.6331,53.92883,41.33736,37.41701,42.11126,32.72276,12:11:10  5 Jun 2017
Adults,5/14/2017,50,56.06165,43.93835,41,47.06165,34.93835,12:11:14  5 Jun 2017
Adults,5/13/2017,50,56.06165,43.93835,41,47.06165,34.93835,12:11:14  5 Jun 2017
Voters,5/13/2017,47.6331,53.92883,41.33736,37.41701,42.11126,32.72276,12:11:18  5 Jun 2017
All polls,5/13/2017,47.6331,53.92883,41.33736,37.41701,42.11126,32.72276,12:11:11  5 Jun 2017
Voters,5/12/2017,47.6331,53.92883,41.33736,37.41701,42.11126,32.72276,12:11:18  5 Jun 2017
All polls,5/12/2017,47.6331,53.92883,41.33736,37.41701,42.11126,32.72276,12:11:11  5 Jun 2017
Adults,5/12/2017,50,56.06165,43.93835,41,47.06165,34.93835,12:11:14  5 Jun 2017
All polls,5/11/2017,48.25764,54.53503,41.98026,37.51107,42.22163,32.80051,12:11:11  5 Jun 2017
Adults,5/11/2017,50,56.06165,43.93835,41,47.06165,34.93835,12:11:14  5 Jun 2017
Voters,5/11/2017,48.25764,54.53503,41.98026,37.51107,42.22163,32.80051,12:11:19  5 Jun 2017
Voters,5/10/2017,48.25764,54.53503,41.98026,37.51107,42.22163,32.80051,12:11:19  5 Jun 2017
All polls,5/10/2017,48.25764,54.53503,41.98026,37.51107,42.22163,32.80051,12:11:11  5 Jun 2017
Adults,5/10/2017,50,56.06165,43.93835,41,47.06165,34.93835,12:11:14  5 Jun 2017
Adults,5/9/2017,50,56.06165,43.93835,41,47.06165,34.93835,12:11:14  5 Jun 2017
All polls,5/9/2017,43.8825,49.20612,38.55888,38.40719,43.33043,33.48395,12:11:11  5 Jun 2017
Voters,5/9/2017,43.8825,49.20612,38.55888,38.40719,43.33043,33.48395,12:11:19  5 Jun 2017
Voters,5/8/2017,43.8825,49.20612,38.55888,38.40719,43.33043,33.48395,12:11:19  5 Jun 2017
All polls,5/8/2017,43.8825,49.20612,38.55888,38.40719,43.33043,33.48395,12:11:11  5 Jun 2017
Adults,5/8/2017,50,56.06165,43.93835,41,47.06165,34.93835,12:11:14  5 Jun 2017
All polls,5/7/2017,43.8825,49.20612,38.55888,38.40719,43.33043,33.48395,12:11:11  5 Jun 2017
Voters,5/7/2017,43.8825,49.20612,38.55888,38.40719,43.33043,33.48395,12:11:19  5 Jun 2017
Adults,5/7/2017,50,56.06165,43.93835,41,47.06165,34.93835,12:11:14  5 Jun 2017
Voters,5/6/2017,43.81366,49.12411,38.5032,39.73478,44.56662,34.90294,12:11:19  5 Jun 2017
Adults,5/6/2017,50,56.06165,43.93835,41,47.06165,34.93835,12:11:14  5 Jun 2017
All polls,5/6/2017,43.81366,49.12411,38.5032,39.73478,44.56662,34.90294,12:11:11  5 Jun 2017
All polls,5/5/2017,43.81366,49.12411,38.5032,39.73478,44.56662,34.90294,12:11:12  5 Jun 2017
Voters,5/5/2017,43.81366,49.12411,38.5032,39.73478,44.56662,34.90294,12:11:19  5 Jun 2017
Adults,5/5/2017,50,56.06165,43.93835,41,47.06165,34.93835,12:11:14  5 Jun 2017
All polls,5/4/2017,43.81366,49.12411,38.5032,39.73478,44.56662,34.90294,12:11:12  5 Jun 2017
Adults,5/4/2017,50,56.06165,43.93835,41,47.06165,34.93835,12:11:14  5 Jun 2017
Voters,5/4/2017,43.81366,49.12411,38.5032,39.73478,44.56662,34.90294,12:11:20  5 Jun 2017
Voters,5/3/2017,43.81366,49.12411,38.5032,39.73478,44.56662,34.90294,12:11:20  5 Jun 2017
All polls,5/3/2017,43.81366,49.12411,38.5032,39.73478,44.56662,34.90294,12:11:12  5 Jun 2017
Adults,5/3/2017,50,56.06165,43.93835,41,47.06165,34.93835,12:11:15  5 Jun 2017
Adults,5/2/2017,50,56.06165,43.93835,41,47.06165,34.93835,12:11:15  5 Jun 2017
All polls,5/2/2017,45.25636,50.34885,40.16387,40.61014,45.38003,35.84025,12:11:12  5 Jun 2017
Voters,5/2/2017,45.25636,50.34885,40.16387,40.61014,45.38003,35.84025,12:11:20  5 Jun 2017
Voters,5/1/2017,45.25636,50.34885,40.16387,40.61014,45.38003,35.84025,12:11:20  5 Jun 2017
All polls,5/1/2017,45.25636,50.34885,40.16387,40.61014,45.38003,35.84025,12:11:12  5 Jun 2017
Adults,5/1/2017,50,56.06165,43.93835,41,47.06165,34.93835,12:11:15  5 Jun 2017
All polls,4/30/2017,45.81439,50.84631,40.78246,40.70142,45.48413,35.91871,12:11:12  5 Jun 2017
Adults,4/30/2017,50,56.06165,43.93835,41,47.06165,34.93835,12:11:15  5 Jun 2017
Voters,4/30/2017,45.81439,50.84631,40.78246,40.70142,45.48413,35.91871,12:11:20  5 Jun 2017
All polls,4/29/2017,45.81439,50.84631,40.78246,40.70142,45.48413,35.91871,12:11:12  5 Jun 2017
Adults,4/29/2017,50,56.06165,43.93835,41,47.06165,34.93835,12:11:15  5 Jun 2017
Voters,4/29/2017,45.81439,50.84631,40.78246,40.70142,45.48413,35.91871,12:11:20  5 Jun 2017
All polls,4/28/2017,45.81439,50.84631,40.78246,40.70142,45.48413,35.91871,12:11:13  5 Jun 2017
Voters,4/28/2017,45.81439,50.84631,40.78246,40.70142,45.48413,35.91871,12:11:20  5 Jun 2017
Adults,4/28/2017,50,56.06165,43.93835,41,47.06165,34.93835,12:11:15  5 Jun 2017
Adults,4/27/2017,50,56.06165,43.93835,41,47.06165,34.93835,12:11:15  5 Jun 2017
Voters,4/27/2017,45.81439,50.84631,40.78246,40.70142,45.48413,35.91871,12:11:20  5 Jun 2017
All polls,4/27/2017,45.81439,50.84631,40.78246,40.70142,45.48413,35.91871,12:11:13  5 Jun 2017
Adults,4/26/2017,50,56.06165,43.93835,41,47.06165,34.93835,12:11:15  5 Jun 2017
All polls,4/26/2017,45.81439,50.84631,40.78246,40.70142,45.48413,35.91871,12:11:13  5 Jun 2017
Voters,4/26/2017,45.81439,50.84631,40.78246,40.70142,45.48413,35.91871,12:11:21  5 Jun 2017
Voters,4/25/2017,44.3031,49.32187,39.28432,41.25,46.3324,36.16761,12:11:21  5 Jun 2017
All polls,4/25/2017,44.3031,49.32187,39.28432,41.25,46.3324,36.16761,12:11:13  5 Jun 2017
All polls,4/24/2017,45.0649,50.00225,40.12754,40.17551,45.13177,35.21924,12:11:13  5 Jun 2017
Voters,4/24/2017,45.0649,50.00225,40.12754,40.17551,45.13177,35.21924,12:11:21  5 Jun 2017
All polls,4/23/2017,45.0649,50.00225,40.12754,40.17551,45.13177,35.21924,12:11:13  5 Jun 2017
Voters,4/23/2017,45.0649,50.00225,40.12754,40.17551,45.13177,35.21924,12:11:21  5 Jun 2017
All polls,4/22/2017,45.0649,50.00225,40.12754,40.17551,45.13177,35.21924,12:11:13  5 Jun 2017
Voters,4/22/2017,45.0649,50.00225,40.12754,40.17551,45.13177,35.21924,12:11:21  5 Jun 2017
Voters,4/21/2017,45.0649,50.00225,40.12754,40.17551,45.13177,35.21924,12:11:21  5 Jun 2017
All polls,4/21/2017,45.0649,50.00225,40.12754,40.17551,45.13177,35.21924,12:11:13  5 Jun 2017
All polls,4/20/2017,42.57009,47.7422,37.39797,37.27471,42.328,32.22142,12:11:14  5 Jun 2017
Voters,4/20/2017,42.57009,47.7422,37.39797,37.27471,42.328,32.22142,12:11:21  5 Jun 2017
All polls,4/19/2017,42.57009,47.7422,37.39797,37.27471,42.328,32.22142,12:11:14  5 Jun 2017
Voters,4/19/2017,42.57009,47.7422,37.39797,37.27471,42.328,32.22142,12:11:21  5 Jun 2017
All polls,4/18/2017,42.18121,47.09977,37.26265,38.54777,42.84737,34.24817,12:11:14  5 Jun 2017
Voters,4/18/2017,42.18121,47.09977,37.26265,38.54777,42.84737,34.24817,12:11:22  5 Jun 2017
Voters,4/17/2017,42.18121,47.09977,37.26265,38.54777,42.84737,34.24817,12:11:22  5 Jun 2017
All polls,4/17/2017,42.18121,47.09977,37.26265,38.54777,42.84737,34.24817,12:11:14  5 Jun 2017
Voters,4/16/2017,42.18121,47.09977,37.26265,38.54777,42.84737,34.24817,12:11:22  5 Jun 2017
All polls,4/16/2017,42.18121,47.09977,37.26265,38.54777,42.84737,34.24817,12:11:14  5 Jun 2017
All polls,4/15/2017,42.77826,47.59769,37.95883,38.12254,42.45842,33.78665,12:11:14  5 Jun 2017
Voters,4/15/2017,42.77826,47.59769,37.95883,38.12254,42.45842,33.78665,12:11:22  5 Jun 2017
